tract_id,MBT,n_buildings,TIV_total,wind_mph,p_DS1,p_DS2,p_DS3,p_DS4,prob_DS0,prob_DS1,prob_DS2,prob_DS3,prob_DS4,MDR,expected_loss,bldgs_DS0,bldgs_DS1,bldgs_DS2,bldgs_DS3,bldgs_DS4
12071080203,W1,435,86130000.0,152.7,0.9808,0.9076,0.7544,0.5203,0.0192,0.0732,0.1532,0.2341,0.5203,0.6542,56346246.0,8.0,32.0,67.0,102.0,226.0
12071080203,MH,251,12424500.0,152.7,0.9947,0.9744,0.9069,0.7939,0.0053,0.0202,0.0675,0.113,0.7939,0.8575,10654008.75,1.0,5.0,17.0,28.0,199.0
12071080203,M1,84,16128000.0,152.7,0.9622,0.8515,0.6614,0.4124,0.0378,0.1107,0.1901,0.249,0.4124,0.5581,9001036.8,3.0,9.0,16.0,21.0,35.0
12071080203,C1,42,11760000.0,152.7,0.9076,0.7544,0.5203,0.2662,0.0924,0.1532,0.2341,0.2542,0.2662,0.4197,4935672.0,4.0,6.0,10.0,11.0,11.0
12071080203,S1,25,8525000.0,152.7,0.9076,0.7544,0.5203,0.2662,0.0924,0.1532,0.2341,0.2542,0.2662,0.4197,3577942.5,2.0,4.0,6.0,6.0,7.0
12071040110,W1,303,59994000.0,150.2,0.9784,0.8995,0.7394,0.5015,0.0216,0.0789,0.1602,0.2378,0.5015,0.638,38276172.0,7.0,24.0,49.0,72.0,152.0
12071040110,MH,175,8662500.0,150.2,0.994,0.9718,0.8998,0.7819,0.006,0.0221,0.0721,0.1179,0.7819,0.8485,7350131.25,1.0,4.0,13.0,21.0,137.0
12071040110,M1,58,11136000.0,150.2,0.9581,0.8403,0.644,0.3942,0.0419,0.1178,0.1964,0.2498,0.3942,0.541,6024576.0,2.0,7.0,11.0,14.0,23.0
12071040110,C1,29,8120000.0,150.2,0.8995,0.7394,0.5015,0.2509,0.1005,0.1602,0.2378,0.2506,0.2509,0.4032,3273984.0,3.0,5.0,7.0,7.0,7.0
12071040110,S1,17,5797000.0,150.2,0.8995,0.7394,0.5015,0.2509,0.1005,0.1602,0.2378,0.2506,0.2509,0.4032,2337350.4,2.0,3.0,4.0,4.0,4.0
12071040124,W1,290,57420000.0,144.8,0.9724,0.8799,0.7043,0.4599,0.0276,0.0926,0.1756,0.2444,0.4599,0.6015,34538130.0,8.0,27.0,51.0,71.0,133.0
12071040124,MH,167,8266500.0,144.8,0.9922,0.9654,0.8828,0.754,0.0078,0.0268,0.0827,0.1287,0.754,0.8272,6838048.800000001,1.0,4.0,14.0,21.0,126.0
12071040124,M1,56,10752000.0,144.8,0.9479,0.8136,0.6043,0.3545,0.0521,0.1343,0.2093,0.2497,0.3545,0.503,5408256.0,3.0,8.0,12.0,14.0,20.0
12071040124,C1,28,7840000.0,144.8,0.8799,0.7043,0.4599,0.2188,0.1201,0.1756,0.2444,0.241,0.2188,0.3673,2879632.0,3.0,5.0,7.0,7.0,6.0
12071040124,S1,17,5797000.0,144.8,0.8799,0.7043,0.4599,0.2188,0.1201,0.1756,0.2444,0.241,0.2188,0.3673,2129238.1,2.0,3.0,4.0,4.0,4.0
12071040311,W1,275,54450000.0,139.8,0.9654,0.8586,0.6687,0.4203,0.0346,0.1069,0.1899,0.2484,0.4203,0.5656,30796920.0,10.0,29.0,52.0,68.0,116.0
12071040311,MH,158,7821000.0,139.8,0.9902,0.9581,0.8646,0.7255,0.0098,0.032,0.0936,0.139,0.7255,0.805,6295905.0,2.0,5.0,15.0,22.0,115.0
12071040311,M1,53,10176000.0,139.8,0.9363,0.7855,0.5651,0.3179,0.0637,0.1508,0.2203,0.2472,0.3179,0.4666,4748121.600000001,3.0,8.0,12.0,13.0,17.0
12071040311,C1,26,7280000.0,139.8,0.8586,0.6687,0.4203,0.1904,0.1414,0.1899,0.2484,0.2299,0.1904,0.334,2431520.0,4.0,5.0,6.0,6.0,5.0
12071040311,S1,16,5456000.0,139.8,0.8586,0.6687,0.4203,0.1904,0.1414,0.1899,0.2484,0.2299,0.1904,0.334,1822304.0,2.0,3.0,4.0,4.0,3.0
12071040205,W1,674,133452000.0,143.5,0.9708,0.8746,0.6953,0.4496,0.0292,0.0961,0.1793,0.2457,0.4496,0.5923,79043619.60000001,20.0,65.0,121.0,166.0,303.0
12071040205,MH,389,19255500.0,143.5,0.9917,0.9636,0.8783,0.7469,0.0083,0.0281,0.0854,0.1314,0.7469,0.8217,15822244.35,3.0,11.0,33.0,51.0,291.0
12071040205,M1,130,24960000.0,143.5,0.9451,0.8066,0.5943,0.345,0.0549,0.1385,0.2123,0.2493,0.345,0.4937,12322752.0,7.0,18.0,28.0,32.0,45.0
12071040205,C1,65,18200000.0,143.5,0.8746,0.6953,0.4496,0.2113,0.1254,0.1793,0.2457,0.2384,0.2113,0.3586,6526519.999999999,8.0,12.0,16.0,15.0,14.0
12071040205,S1,39,13299000.0,143.5,0.8746,0.6953,0.4496,0.2113,0.1254,0.1793,0.2457,0.2384,0.2113,0.3586,4769021.399999999,5.0,7.0,10.0,9.0,8.0
12071040312,W1,285,56430000.0,135.3,0.9577,0.8366,0.6342,0.3841,0.0423,0.1211,0.2024,0.25,0.3841,0.5318,30009474.000000004,12.0,35.0,58.0,71.0,109.0
12071040312,MH,165,8167500.0,135.3,0.9878,0.9503,0.8459,0.6976,0.0122,0.0375,0.1043,0.1483,0.6976,0.783,6395152.5,2.0,6.0,17.0,24.0,115.0
12071040312,M1,55,10560000.0,135.3,0.9238,0.7572,0.5281,0.2854,0.0762,0.1666,0.2291,0.2428,0.2854,0.433,4572480.0,4.0,9.0,13.0,13.0,16.0
12071040312,C1,27,7560000.0,135.3,0.8366,0.6342,0.3841,0.166,0.1634,0.2024,0.25,0.2181,0.166,0.3041,2298996.0,4.0,5.0,7.0,6.0,4.0
12071040312,S1,16,5456000.0,135.3,0.8366,0.6342,0.3841,0.166,0.1634,0.2024,0.25,0.2181,0.166,0.3041,1659169.5999999999,3.0,3.0,4.0,3.0,3.0
12071040108,W1,256,50688000.0,148.4,0.9766,0.8933,0.728,0.4878,0.0234,0.0833,0.1653,0.2403,0.4878,0.6261,31735756.8,6.0,21.0,42.0,62.0,125.0
12071040108,MH,148,7326000.0,148.4,0.9935,0.9698,0.8944,0.7729,0.0065,0.0236,0.0754,0.1215,0.7729,0.8417,6166294.2,1.0,3.0,11.0,18.0,114.0
12071040108,M1,49,9408000.0,148.4,0.9549,0.8318,0.631,0.381,0.0451,0.1231,0.2008,0.2501,0.381,0.5285,4972128.0,2.0,6.0,10.0,12.0,19.0
12071040108,C1,25,7000000.0,148.4,0.8933,0.728,0.4878,0.2401,0.1067,0.1653,0.2403,0.2477,0.2401,0.3913,2739100.0,3.0,4.0,6.0,6.0,6.0
12071040108,S1,15,5115000.0,148.4,0.8933,0.728,0.4878,0.2401,0.1067,0.1653,0.2403,0.2477,0.2401,0.3913,2001499.5,2.0,2.0,4.0,4.0,4.0
12071050207,W1,129,25542000.0,143.0,0.9701,0.8726,0.6918,0.4457,0.0299,0.0975,0.1807,0.2461,0.4457,0.5888,15039129.6,4.0,13.0,23.0,32.0,57.0
12071050207,MH,75,3712500.0,143.0,0.9915,0.9629,0.8765,0.7441,0.0085,0.0286,0.0865,0.1324,0.7441,0.8195,3042393.75,1.0,2.0,6.0,10.0,56.0
12071050207,M1,25,4800000.0,143.0,0.944,0.8038,0.5904,0.3413,0.056,0.1401,0.2134,0.2491,0.3413,0.49,2352000.0,1.0,4.0,5.0,6.0,9.0
12071050207,C1,12,3360000.0,143.0,0.8726,0.6918,0.4457,0.2084,0.1274,0.1807,0.2461,0.2373,0.2084,0.3553,1193808.0,2.0,2.0,3.0,3.0,3.0
12071050207,S1,7,2387000.0,143.0,0.8726,0.6918,0.4457,0.2084,0.1274,0.1807,0.2461,0.2373,0.2084,0.3553,848101.1,1.0,1.0,2.0,2.0,1.0
12071050311,W1,578,114444000.0,133.7,0.9545,0.828,0.6213,0.3712,0.0455,0.1265,0.2067,0.2501,0.3712,0.5194,59442213.599999994,26.0,73.0,119.0,145.0,215.0
12071050311,MH,334,16533000.0,133.7,0.9868,0.9471,0.8388,0.6872,0.0132,0.0397,0.1084,0.1516,0.6872,0.7746,12806461.799999999,4.0,13.0,36.0,51.0,230.0
12071050311,M1,111,21312000.0,133.7,0.9188,0.7464,0.5146,0.2739,0.0812,0.1723,0.2319,0.2407,0.2739,0.4209,8970220.8,9.0,19.0,26.0,27.0,30.0
12071050311,C1,56,15680000.0,133.7,0.828,0.6213,0.3712,0.1577,0.172,0.2067,0.2501,0.2135,0.1577,0.2936,4603648.0,10.0,12.0,14.0,12.0,9.0
12071050311,S1,33,11253000.0,133.7,0.828,0.6213,0.3712,0.1577,0.172,0.2067,0.2501,0.2135,0.1577,0.2936,3303880.8000000003,6.0,7.0,8.0,7.0,5.0
12071050103,W1,183,36234000.0,144.6,0.9722,0.8791,0.7029,0.4583,0.0278,0.0931,0.1762,0.2446,0.4583,0.6001,21744023.4,5.0,17.0,32.0,45.0,84.0
12071050103,MH,106,5247000.0,144.6,0.9922,0.9651,0.8821,0.7529,0.0078,0.027,0.0831,0.1291,0.7529,0.8263,4335596.100000001,1.0,3.0,9.0,14.0,80.0
12071050103,M1,35,6720000.0,144.6,0.9475,0.8125,0.6028,0.3531,0.0525,0.1349,0.2098,0.2497,0.3531,0.5016,3370752.0000000005,2.0,5.0,7.0,9.0,12.0
12071050103,C1,18,5040000.0,144.6,0.8791,0.7029,0.4583,0.2177,0.1209,0.1762,0.2446,0.2406,0.2177,0.366,1844640.0,2.0,3.0,4.0,4.0,4.0
12071050103,S1,11,3751000.0,144.6,0.8791,0.7029,0.4583,0.2177,0.1209,0.1762,0.2446,0.2406,0.2177,0.366,1372866.0,1.0,2.0,3.0,3.0,2.0
12071001706,W1,127,25146000.0,148.2,0.9764,0.8926,0.7268,0.4862,0.0236,0.0838,0.1659,0.2405,0.4862,0.6248,15711220.8,3.0,11.0,21.0,31.0,62.0
12071001706,MH,73,3613500.0,148.2,0.9934,0.9696,0.8938,0.7719,0.0066,0.0238,0.0758,0.1219,0.7719,0.8409,3038592.15,0.0,2.0,6.0,9.0,56.0
12071001706,M1,24,4608000.0,148.2,0.9546,0.8308,0.6296,0.3795,0.0454,0.1237,0.2013,0.2501,0.3795,0.5271,2428876.8000000003,1.0,3.0,5.0,6.0,9.0
12071001706,C1,12,3360000.0,148.2,0.8926,0.7268,0.4862,0.2389,0.1074,0.1659,0.2405,0.2474,0.2389,0.3899,1310064.0,1.0,2.0,3.0,3.0,3.0
12071001706,S1,7,2387000.0,148.2,0.8926,0.7268,0.4862,0.2389,0.1074,0.1659,0.2405,0.2474,0.2389,0.3899,930691.3,1.0,1.0,2.0,2.0,2.0
12071010203,W1,509,100782000.0,148.2,0.9764,0.8926,0.7268,0.4862,0.0236,0.0838,0.1659,0.2405,0.4862,0.6248,62968593.6,12.0,43.0,84.0,122.0,247.0
12071010203,MH,294,14553000.0,148.2,0.9934,0.9696,0.8938,0.7719,0.0066,0.0238,0.0758,0.1219,0.7719,0.8409,12237617.7,2.0,7.0,22.0,36.0,227.0
12071010203,M1,98,18816000.0,148.2,0.9546,0.8308,0.6296,0.3795,0.0454,0.1237,0.2013,0.2501,0.3795,0.5271,9917913.6,4.0,12.0,20.0,25.0,37.0
12071010203,C1,49,13720000.0,148.2,0.8926,0.7268,0.4862,0.2389,0.1074,0.1659,0.2405,0.2474,0.2389,0.3899,5349428.0,5.0,8.0,12.0,12.0,12.0
12071010203,S1,29,9889000.0,148.2,0.8926,0.7268,0.4862,0.2389,0.1074,0.1659,0.2405,0.2474,0.2389,0.3899,3855721.1,3.0,5.0,7.0,7.0,7.0
12071001910,W1,52,10296000.0,148.5,0.9767,0.8937,0.7287,0.4885,0.0233,0.083,0.165,0.2401,0.4885,0.6268,6453532.8,1.0,4.0,9.0,12.0,25.0
12071001910,MH,30,1485000.0,148.5,0.9935,0.97,0.8947,0.7735,0.0065,0.0235,0.0753,0.1213,0.7735,0.8421,1250518.5,0.0,1.0,2.0,4.0,23.0
12071001910,M1,10,1920000.0,148.5,0.9551,0.8323,0.6318,0.3817,0.0449,0.1228,0.2005,0.2501,0.3817,0.5292,1016064.0,0.0,1.0,2.0,3.0,4.0
12071001910,C1,5,1400000.0,148.5,0.8937,0.7287,0.4885,0.2407,0.1063,0.165,0.2401,0.2479,0.2407,0.3919,548660.0,1.0,1.0,1.0,1.0,1.0
12071001910,S1,3,1023000.0,148.5,0.8937,0.7287,0.4885,0.2407,0.1063,0.165,0.2401,0.2479,0.2407,0.3919,400913.7,0.0,0.0,1.0,1.0,1.0
12071980000,W1,1068,211464000.0,143.1,0.9702,0.873,0.6925,0.4465,0.0298,0.0973,0.1805,0.246,0.4465,0.5895,124658028.0,32.0,104.0,193.0,263.0,477.0
12071980000,MH,616,30492000.0,143.1,0.9916,0.9631,0.8768,0.7446,0.0084,0.0285,0.0862,0.1322,0.7446,0.8199,25000390.799999997,5.0,18.0,53.0,81.0,459.0
12071980000,M1,205,39360000.0,143.1,0.9442,0.8044,0.5912,0.3421,0.0558,0.1398,0.2132,0.2492,0.3421,0.4908,19317888.0,11.0,29.0,44.0,51.0,70.0
12071980000,C1,103,28840000.0,143.1,0.873,0.6925,0.4465,0.209,0.127,0.1805,0.246,0.2375,0.209,0.3559,10264156.0,13.0,19.0,25.0,24.0,22.0
12071980000,S1,62,21142000.0,143.1,0.873,0.6925,0.4465,0.209,0.127,0.1805,0.246,0.2375,0.209,0.3559,7524437.8,8.0,11.0,15.0,15.0,13.0
12071080300,W1,189,37422000.0,151.2,0.9794,0.9028,0.7455,0.5091,0.0206,0.0766,0.1574,0.2364,0.5091,0.6445,24118479.0,4.0,14.0,30.0,45.0,96.0
12071080300,MH,109,5395500.0,151.2,0.9943,0.9729,0.9027,0.7868,0.0057,0.0214,0.0702,0.1159,0.7868,0.8522,4598045.1,1.0,2.0,8.0,13.0,86.0
12071080300,M1,36,6912000.0,151.2,0.9598,0.8449,0.651,0.4015,0.0402,0.1149,0.1939,0.2495,0.4015,0.5479,3787084.8000000003,1.0,4.0,7.0,9.0,14.0
12071080300,C1,18,5040000.0,151.2,0.9028,0.7455,0.5091,0.257,0.0972,0.1574,0.2364,0.2521,0.257,0.4098,2065392.0,2.0,3.0,4.0,5.0,5.0
12071080300,S1,11,3751000.0,151.2,0.9028,0.7455,0.5091,0.257,0.0972,0.1574,0.2364,0.2521,0.257,0.4098,1537159.8,1.0,2.0,3.0,3.0,3.0
12071040301,W1,397,78606000.0,142.9,0.97,0.8721,0.6911,0.4449,0.03,0.0978,0.181,0.2462,0.4449,0.5881,46228188.599999994,12.0,39.0,72.0,98.0,177.0
12071040301,MH,229,11335500.0,142.9,0.9915,0.9628,0.8761,0.7435,0.0085,0.0287,0.0867,0.1326,0.7435,0.8191,9284908.05,2.0,7.0,20.0,30.0,170.0
12071040301,M1,76,14592000.0,142.9,0.9437,0.8033,0.5897,0.3406,0.0563,0.1404,0.2136,0.2491,0.3406,0.4893,7139865.600000001,4.0,11.0,16.0,19.0,26.0
12071040301,C1,38,10640000.0,142.9,0.8721,0.6911,0.4449,0.2078,0.1279,0.181,0.2462,0.2371,0.2078,0.3546,3772944.0000000005,5.0,7.0,9.0,9.0,8.0
12071040301,S1,23,7843000.0,142.9,0.8721,0.6911,0.4449,0.2078,0.1279,0.181,0.2462,0.2371,0.2078,0.3546,2781127.8000000003,3.0,4.0,6.0,5.0,5.0
12071001920,W1,252,49896000.0,149.2,0.9774,0.8961,0.7331,0.4939,0.0226,0.0813,0.163,0.2392,0.4939,0.6314,31504334.4,6.0,20.0,41.0,60.0,124.0
12071001920,MH,145,7177500.0,149.2,0.9937,0.9708,0.8968,0.777,0.0063,0.0229,0.0739,0.1199,0.777,0.8448,6063552.0,1.0,3.0,11.0,17.0,113.0
12071001920,M1,48,9216000.0,149.2,0.9564,0.8356,0.6368,0.3868,0.0436,0.1207,0.1988,0.25,0.3868,0.5341,4922265.600000001,2.0,6.0,10.0,12.0,19.0
12071001920,C1,24,6720000.0,149.2,0.8961,0.7331,0.4939,0.2449,0.1039,0.163,0.2392,0.249,0.2449,0.3966,2665152.0,2.0,4.0,6.0,6.0,6.0
12071001920,S1,15,5115000.0,149.2,0.8961,0.7331,0.4939,0.2449,0.1039,0.163,0.2392,0.249,0.2449,0.3966,2028609.0,2.0,2.0,4.0,4.0,4.0
12071001711,W1,87,17226000.0,149.6,0.9778,0.8975,0.7356,0.497,0.0222,0.0803,0.1619,0.2387,0.497,0.6341,10923006.6,2.0,7.0,14.0,21.0,43.0
12071001711,MH,50,2475000.0,149.6,0.9938,0.9712,0.898,0.779,0.0062,0.0226,0.0732,0.1191,0.779,0.8463,2094592.5000000002,0.0,1.0,4.0,6.0,39.0
12071001711,M1,17,3264000.0,149.6,0.9571,0.8375,0.6397,0.3898,0.0429,0.1196,0.1978,0.2499,0.3898,0.5369,1752441.6,1.0,2.0,3.0,4.0,7.0
12071001711,C1,8,2240000.0,149.6,0.8975,0.7356,0.497,0.2473,0.1025,0.1619,0.2387,0.2497,0.2473,0.3992,894208.0,1.0,1.0,2.0,2.0,2.0
12071001711,S1,5,1705000.0,149.6,0.8975,0.7356,0.497,0.2473,0.1025,0.1619,0.2387,0.2497,0.2473,0.3992,680636.0,1.0,1.0,1.0,1.0,1.0
12071001205,W1,86,17028000.0,151.2,0.9794,0.9028,0.7455,0.5091,0.0206,0.0766,0.1574,0.2364,0.5091,0.6445,10974546.0,2.0,7.0,14.0,20.0,44.0
12071001205,MH,50,2475000.0,151.2,0.9943,0.9729,0.9027,0.7868,0.0057,0.0214,0.0702,0.1159,0.7868,0.8522,2109195.0,0.0,1.0,4.0,6.0,39.0
12071001205,M1,17,3264000.0,151.2,0.9598,0.8449,0.651,0.4015,0.0402,0.1149,0.1939,0.2495,0.4015,0.5479,1788345.6,1.0,2.0,3.0,4.0,7.0
12071001205,C1,8,2240000.0,151.2,0.9028,0.7455,0.5091,0.257,0.0972,0.1574,0.2364,0.2521,0.257,0.4098,917952.0,1.0,1.0,2.0,2.0,2.0
12071001205,S1,5,1705000.0,151.2,0.9028,0.7455,0.5091,0.257,0.0972,0.1574,0.2364,0.2521,0.257,0.4098,698709.0,0.0,1.0,1.0,1.0,1.0
12071001204,W1,362,71676000.0,151.2,0.9794,0.9028,0.7455,0.5091,0.0206,0.0766,0.1574,0.2364,0.5091,0.6445,46195182.0,7.0,28.0,57.0,86.0,184.0
12071001204,MH,209,10345500.0,151.2,0.9943,0.9729,0.9027,0.7868,0.0057,0.0214,0.0702,0.1159,0.7868,0.8522,8816435.1,1.0,4.0,15.0,24.0,164.0
12071001204,M1,70,13440000.0,151.2,0.9598,0.8449,0.651,0.4015,0.0402,0.1149,0.1939,0.2495,0.4015,0.5479,7363776.000000001,3.0,8.0,14.0,17.0,28.0
12071001204,C1,35,9800000.0,151.2,0.9028,0.7455,0.5091,0.257,0.0972,0.1574,0.2364,0.2521,0.257,0.4098,4016040.0,3.0,6.0,8.0,9.0,9.0
12071001204,S1,21,7161000.0,151.2,0.9028,0.7455,0.5091,0.257,0.0972,0.1574,0.2364,0.2521,0.257,0.4098,2934577.8,2.0,3.0,5.0,5.0,5.0
12071010422,W1,264,52272000.0,154.9,0.9826,0.9142,0.7671,0.5366,0.0174,0.0684,0.1471,0.2305,0.5366,0.6679,34912468.800000004,5.0,18.0,39.0,61.0,142.0
12071010422,MH,152,7524000.0,154.9,0.9952,0.9765,0.9127,0.8039,0.0048,0.0187,0.0638,0.1087,0.8039,0.8651,6509012.399999999,1.0,3.0,10.0,17.0,122.0
12071010422,M1,51,9792000.0,154.9,0.9654,0.8608,0.6762,0.4284,0.0346,0.1046,0.1846,0.2478,0.4284,0.5728,5608857.6,2.0,5.0,9.0,13.0,22.0
12071010422,C1,25,7000000.0,154.9,0.9142,0.7671,0.5366,0.2798,0.0858,0.1471,0.2305,0.2568,0.2798,0.4342,3039400.0,2.0,4.0,6.0,6.0,7.0
12071010422,S1,15,5115000.0,154.9,0.9142,0.7671,0.5366,0.2798,0.0858,0.1471,0.2305,0.2568,0.2798,0.4342,2220933.0,1.0,2.0,3.0,4.0,4.0
12071040211,W1,443,87714000.0,140.8,0.967,0.8631,0.6761,0.4282,0.033,0.1039,0.187,0.2478,0.4282,0.5729,50251350.599999994,15.0,46.0,83.0,110.0,190.0
12071040211,MH,256,12672000.0,140.8,0.9906,0.9597,0.8684,0.7314,0.0094,0.0309,0.0913,0.137,0.7314,0.8097,10260518.4,2.0,8.0,23.0,35.0,187.0
12071040211,M1,85,16320000.0,140.8,0.9388,0.7914,0.5731,0.3252,0.0612,0.1474,0.2182,0.2479,0.3252,0.474,7735680.0,5.0,13.0,19.0,21.0,28.0
12071040211,C1,43,12040000.0,140.8,0.8631,0.6761,0.4282,0.1959,0.1369,0.187,0.2478,0.2323,0.1959,0.3406,4100824.0,6.0,8.0,11.0,10.0,8.0
12071040211,S1,26,8866000.0,140.8,0.8631,0.6761,0.4282,0.1959,0.1369,0.187,0.2478,0.2323,0.1959,0.3406,3019759.6,4.0,5.0,6.0,6.0,5.0
12071050321,W1,264,52272000.0,136.8,0.9604,0.8442,0.6459,0.3962,0.0396,0.1162,0.1983,0.2497,0.3962,0.5432,28394150.400000002,10.0,31.0,52.0,66.0,105.0
12071050321,MH,152,7524000.0,136.8,0.9886,0.953,0.8524,0.7072,0.0114,0.0356,0.1006,0.1452,0.7072,0.7906,5948474.399999999,2.0,5.0,15.0,22.0,107.0
12071050321,M1,51,9792000.0,136.8,0.9282,0.7669,0.5406,0.2962,0.0718,0.1612,0.2263,0.2445,0.2962,0.4443,4350585.6,4.0,8.0,12.0,12.0,15.0
12071050321,C1,25,7000000.0,136.8,0.8442,0.6459,0.3962,0.174,0.1558,0.1983,0.2497,0.2222,0.174,0.314,2198000.0,4.0,5.0,6.0,6.0,4.0
12071050321,S1,15,5115000.0,136.8,0.8442,0.6459,0.3962,0.174,0.1558,0.1983,0.2497,0.2222,0.174,0.314,1606110.0,2.0,3.0,4.0,3.0,3.0
12071040315,W1,288,57024000.0,138.4,0.9632,0.852,0.6582,0.4091,0.0368,0.1112,0.1938,0.2492,0.4091,0.5552,31659724.8,11.0,32.0,56.0,72.0,118.0
12071040315,MH,166,8217000.0,138.4,0.9895,0.9558,0.859,0.7171,0.0105,0.0337,0.0968,0.1419,0.7171,0.7984,6560452.8,2.0,6.0,16.0,24.0,119.0
12071040315,M1,55,10560000.0,138.4,0.9326,0.777,0.5538,0.3077,0.0674,0.1556,0.2232,0.2461,0.3077,0.4562,4817472.0,4.0,9.0,12.0,14.0,17.0
12071040315,C1,28,7840000.0,138.4,0.852,0.6582,0.4091,0.1826,0.148,0.1938,0.2492,0.2264,0.1826,0.3246,2544864.0,4.0,5.0,7.0,6.0,5.0
12071040315,S1,17,5797000.0,138.4,0.852,0.6582,0.4091,0.1826,0.148,0.1938,0.2492,0.2264,0.1826,0.3246,1881706.2,3.0,3.0,4.0,4.0,3.0
12071001206,W1,211,41778000.0,149.5,0.9777,0.8972,0.735,0.4962,0.0223,0.0806,0.1622,0.2388,0.4962,0.6334,26462185.2,5.0,17.0,34.0,50.0,105.0
12071001206,MH,122,6039000.0,149.5,0.9938,0.9711,0.8977,0.7785,0.0062,0.0227,0.0734,0.1193,0.7785,0.8459,5108390.1,1.0,3.0,9.0,15.0,95.0
12071001206,M1,41,7872000.0,149.5,0.9569,0.8371,0.639,0.389,0.0431,0.1199,0.1981,0.2499,0.389,0.5362,4220966.4,2.0,5.0,8.0,10.0,16.0
12071001206,C1,20,5600000.0,149.5,0.8972,0.735,0.4962,0.2467,0.1028,0.1622,0.2388,0.2495,0.2467,0.3986,2232160.0,2.0,3.0,5.0,5.0,5.0
12071001206,S1,12,4092000.0,149.5,0.8972,0.735,0.4962,0.2467,0.1028,0.1622,0.2388,0.2495,0.2467,0.3986,1631071.2,1.0,2.0,3.0,3.0,3.0
12071040316,W1,155,30690000.0,139.6,0.9651,0.8576,0.6672,0.4187,0.0349,0.1075,0.1904,0.2486,0.4187,0.5641,17312229.0,5.0,17.0,30.0,39.0,65.0
12071040316,MH,89,4405500.0,139.6,0.9901,0.9578,0.8638,0.7243,0.0099,0.0323,0.094,0.1394,0.7243,0.8041,3542462.5500000003,1.0,3.0,8.0,12.0,64.0
12071040316,M1,30,5760000.0,139.6,0.9358,0.7843,0.5635,0.3165,0.0642,0.1515,0.2207,0.2471,0.3165,0.4651,2678976.0,2.0,5.0,7.0,7.0,9.0
12071040316,C1,15,4200000.0,139.6,0.8576,0.6672,0.4187,0.1892,0.1424,0.1904,0.2486,0.2294,0.1892,0.3326,1396920.0,2.0,3.0,4.0,3.0,3.0
12071040316,S1,9,3069000.0,139.6,0.8576,0.6672,0.4187,0.1892,0.1424,0.1904,0.2486,0.2294,0.1892,0.3326,1020749.4,1.0,2.0,2.0,2.0,2.0
12071001921,W1,1078,213444000.0,147.9,0.9761,0.8916,0.7248,0.4839,0.0239,0.0845,0.1667,0.2409,0.4839,0.6227,132911578.80000001,26.0,91.0,180.0,260.0,522.0
12071001921,MH,622,30789000.0,147.9,0.9933,0.9693,0.8928,0.7704,0.0067,0.024,0.0764,0.1225,0.7704,0.8397,25853523.3,4.0,15.0,48.0,76.0,479.0
12071001921,M1,207,39744000.0,147.9,0.954,0.8294,0.6274,0.3773,0.046,0.1246,0.202,0.2501,0.3773,0.525,20865600.0,10.0,26.0,42.0,52.0,78.0
12071001921,C1,104,29120000.0,147.9,0.8916,0.7248,0.4839,0.2371,0.1084,0.1667,0.2409,0.2468,0.2371,0.3879,11295648.0,11.0,17.0,25.0,26.0,25.0
12071001921,S1,62,21142000.0,147.9,0.8916,0.7248,0.4839,0.2371,0.1084,0.1667,0.2409,0.2468,0.2371,0.3879,8200981.800000001,7.0,10.0,15.0,15.0,15.0
12071010503,W1,114,22572000.0,150.7,0.9789,0.9012,0.7424,0.5053,0.0211,0.0777,0.1588,0.2371,0.5053,0.6413,14475423.6,2.0,9.0,18.0,27.0,58.0
12071010503,MH,66,3267000.0,150.7,0.9941,0.9724,0.9012,0.7844,0.0059,0.0218,0.0711,0.1169,0.7844,0.8504,2778256.8000000003,0.0,1.0,5.0,8.0,52.0
12071010503,M1,22,4224000.0,150.7,0.959,0.8426,0.6475,0.3978,0.041,0.1163,0.1951,0.2497,0.3978,0.5445,2299968.0,1.0,3.0,4.0,5.0,9.0
12071010503,C1,11,3080000.0,150.7,0.9012,0.7424,0.5053,0.254,0.0988,0.1588,0.2371,0.2514,0.254,0.4065,1252020.0,1.0,2.0,3.0,3.0,3.0
12071010503,S1,7,2387000.0,150.7,0.9012,0.7424,0.5053,0.254,0.0988,0.1588,0.2371,0.2514,0.254,0.4065,970315.4999999999,1.0,1.0,2.0,2.0,2.0
12071040139,W1,212,41976000.0,139.3,0.9646,0.8563,0.665,0.4163,0.0354,0.1084,0.1913,0.2487,0.4163,0.5619,23586314.4,8.0,23.0,41.0,53.0,88.0
12071040139,MH,122,6039000.0,139.3,0.9899,0.9573,0.8626,0.7225,0.0101,0.0326,0.0947,0.1401,0.7225,0.8027,4847505.3,1.0,4.0,12.0,17.0,88.0
12071040139,M1,41,7872000.0,139.3,0.935,0.7825,0.5611,0.3143,0.065,0.1525,0.2214,0.2468,0.3143,0.4629,3643948.8,3.0,6.0,9.0,10.0,13.0
12071040139,C1,20,5600000.0,139.3,0.8563,0.665,0.4163,0.1876,0.1437,0.1913,0.2487,0.2287,0.1876,0.3306,1851360.0,3.0,4.0,5.0,5.0,4.0
12071040139,S1,12,4092000.0,139.3,0.8563,0.665,0.4163,0.1876,0.1437,0.1913,0.2487,0.2287,0.1876,0.3306,1352815.2,2.0,2.0,3.0,3.0,2.0
12071040133,W1,161,31878000.0,146.2,0.9741,0.8853,0.7137,0.4708,0.0259,0.0889,0.1716,0.2429,0.4708,0.6112,19483833.599999998,4.0,14.0,28.0,39.0,76.0
12071040133,MH,93,4603500.0,146.2,0.9927,0.9672,0.8874,0.7615,0.0073,0.0255,0.0798,0.1259,0.7615,0.833,3834715.5,1.0,2.0,7.0,12.0,71.0
12071040133,M1,31,5952000.0,146.2,0.9507,0.8209,0.6148,0.3648,0.0493,0.1299,0.206,0.25,0.3648,0.513,3053376.0,2.0,4.0,6.0,8.0,11.0
12071040133,C1,16,4480000.0,146.2,0.8853,0.7137,0.4708,0.227,0.1147,0.1716,0.2429,0.2438,0.227,0.3766,1687168.0,2.0,3.0,4.0,4.0,4.0
12071040133,S1,9,3069000.0,146.2,0.8853,0.7137,0.4708,0.227,0.1147,0.1716,0.2429,0.2438,0.227,0.3766,1155785.4,1.0,2.0,2.0,2.0,2.0
12071040128,W1,296,58608000.0,148.0,0.9762,0.8919,0.7255,0.4847,0.0238,0.0843,0.1664,0.2408,0.4847,0.6234,36536227.199999996,7.0,25.0,49.0,71.0,143.0
12071040128,MH,171,8464500.0,148.0,0.9933,0.9694,0.8932,0.7709,0.0067,0.024,0.0762,0.1223,0.7709,0.8401,7111026.449999999,1.0,4.0,13.0,21.0,132.0
12071040128,M1,57,10944000.0,148.0,0.9542,0.8299,0.6281,0.378,0.0458,0.1243,0.2017,0.2501,0.378,0.5257,5753260.8,3.0,7.0,11.0,14.0,22.0
12071040128,C1,28,7840000.0,148.0,0.8919,0.7255,0.4847,0.2377,0.1081,0.1664,0.2408,0.247,0.2377,0.3886,3046624.0,3.0,5.0,7.0,7.0,7.0
12071040128,S1,17,5797000.0,148.0,0.8919,0.7255,0.4847,0.2377,0.1081,0.1664,0.2408,0.247,0.2377,0.3886,2252714.2,2.0,3.0,4.0,4.0,4.0
12071001709,W1,165,32670000.0,150.2,0.9784,0.8995,0.7394,0.5015,0.0216,0.0789,0.1602,0.2378,0.5015,0.638,20843460.0,4.0,13.0,26.0,39.0,83.0
12071001709,MH,95,4702500.0,150.2,0.994,0.9718,0.8998,0.7819,0.006,0.0221,0.0721,0.1179,0.7819,0.8485,3990071.25,1.0,2.0,7.0,11.0,74.0
12071001709,M1,32,6144000.0,150.2,0.9581,0.8403,0.644,0.3942,0.0419,0.1178,0.1964,0.2498,0.3942,0.541,3323904.0,1.0,4.0,6.0,8.0,13.0
12071001709,C1,16,4480000.0,150.2,0.8995,0.7394,0.5015,0.2509,0.1005,0.1602,0.2378,0.2506,0.2509,0.4032,1806336.0,2.0,3.0,4.0,4.0,4.0
12071001709,S1,10,3410000.0,150.2,0.8995,0.7394,0.5015,0.2509,0.1005,0.1602,0.2378,0.2506,0.2509,0.4032,1374912.0,1.0,2.0,2.0,3.0,3.0
12071001209,W1,109,21582000.0,150.7,0.9789,0.9012,0.7424,0.5053,0.0211,0.0777,0.1588,0.2371,0.5053,0.6413,13840536.6,2.0,8.0,17.0,26.0,55.0
12071001209,MH,63,3118500.0,150.7,0.9941,0.9724,0.9012,0.7844,0.0059,0.0218,0.0711,0.1169,0.7844,0.8504,2651972.4,0.0,1.0,4.0,7.0,49.0
12071001209,M1,21,4032000.0,150.7,0.959,0.8426,0.6475,0.3978,0.041,0.1163,0.1951,0.2497,0.3978,0.5445,2195424.0,1.0,2.0,4.0,5.0,8.0
12071001209,C1,10,2800000.0,150.7,0.9012,0.7424,0.5053,0.254,0.0988,0.1588,0.2371,0.2514,0.254,0.4065,1138200.0,1.0,2.0,2.0,3.0,3.0
12071001209,S1,6,2046000.0,150.7,0.9012,0.7424,0.5053,0.254,0.0988,0.1588,0.2371,0.2514,0.254,0.4065,831699.0,1.0,1.0,1.0,2.0,2.0
12071010106,W1,305,60390000.0,155.5,0.9831,0.9159,0.7705,0.541,0.0169,0.0672,0.1454,0.2295,0.541,0.6716,40557924.0,5.0,20.0,44.0,70.0,165.0
12071010106,MH,176,8712000.0,155.5,0.9953,0.977,0.9142,0.8066,0.0047,0.0183,0.0628,0.1076,0.8066,0.867,7553304.0,1.0,3.0,11.0,19.0,142.0
12071010106,M1,59,11328000.0,155.5,0.9663,0.8632,0.6802,0.4327,0.0337,0.103,0.1831,0.2474,0.4327,0.5768,6533990.399999999,2.0,6.0,11.0,15.0,26.0
12071010106,C1,29,8120000.0,155.5,0.9159,0.7705,0.541,0.2835,0.0841,0.1454,0.2295,0.2575,0.2835,0.4381,3557372.0,2.0,4.0,7.0,7.0,8.0
12071010106,S1,18,6138000.0,155.5,0.9159,0.7705,0.541,0.2835,0.0841,0.1454,0.2295,0.2575,0.2835,0.4381,2689057.8,2.0,3.0,4.0,5.0,5.0
12071010209,W1,99,19602000.0,143.7,0.971,0.8754,0.6967,0.4512,0.029,0.0956,0.1787,0.2455,0.4512,0.5937,11637707.4,3.0,9.0,18.0,24.0,45.0
12071010209,MH,57,2821500.0,143.7,0.9918,0.9639,0.879,0.748,0.0082,0.0279,0.085,0.131,0.748,0.8225,2320683.75,0.0,2.0,5.0,7.0,43.0
12071010209,M1,19,3648000.0,143.7,0.9455,0.8077,0.5959,0.3465,0.0545,0.1378,0.2118,0.2494,0.3465,0.4951,1806124.8,1.0,3.0,4.0,5.0,7.0
12071010209,C1,10,2800000.0,143.7,0.8754,0.6967,0.4512,0.2124,0.1246,0.1787,0.2455,0.2388,0.2124,0.36,1008000.0,1.0,2.0,2.0,2.0,2.0
12071010209,S1,6,2046000.0,143.7,0.8754,0.6967,0.4512,0.2124,0.1246,0.1787,0.2455,0.2388,0.2124,0.36,736560.0,1.0,1.0,1.0,1.0,1.0
12071001922,W1,110,21780000.0,149.2,0.9774,0.8961,0.7331,0.4939,0.0226,0.0813,0.163,0.2392,0.4939,0.6314,13751892.0,2.0,9.0,18.0,26.0,54.0
12071001922,MH,64,3168000.0,149.2,0.9937,0.9708,0.8968,0.777,0.0063,0.0229,0.0739,0.1199,0.777,0.8448,2676326.4,0.0,1.0,5.0,8.0,50.0
12071001922,M1,21,4032000.0,149.2,0.9564,0.8356,0.6368,0.3868,0.0436,0.1207,0.1988,0.25,0.3868,0.5341,2153491.2,1.0,3.0,4.0,5.0,8.0
12071001922,C1,11,3080000.0,149.2,0.8961,0.7331,0.4939,0.2449,0.1039,0.163,0.2392,0.249,0.2449,0.3966,1221528.0,1.0,2.0,3.0,3.0,3.0
12071001922,S1,6,2046000.0,149.2,0.8961,0.7331,0.4939,0.2449,0.1039,0.163,0.2392,0.249,0.2449,0.3966,811443.6,1.0,1.0,1.0,1.0,1.0
12071010415,W1,1632,323136000.0,154.6,0.9824,0.9133,0.7654,0.5344,0.0176,0.069,0.1479,0.231,0.5344,0.6661,215240889.6,29.0,113.0,241.0,377.0,872.0
12071010415,MH,942,46629000.0,154.6,0.9951,0.9762,0.9119,0.8026,0.0049,0.0189,0.0643,0.1093,0.8026,0.8641,40292118.9,5.0,18.0,61.0,103.0,756.0
12071010415,M1,314,60288000.0,154.6,0.965,0.8595,0.6742,0.4262,0.035,0.1054,0.1853,0.248,0.4262,0.5709,34418419.199999996,11.0,33.0,58.0,78.0,134.0
12071010415,C1,157,43960000.0,154.6,0.9133,0.7654,0.5344,0.2779,0.0867,0.1479,0.231,0.2565,0.2779,0.4322,18999512.0,14.0,23.0,36.0,40.0,44.0
12071010415,S1,94,32054000.0,154.6,0.9133,0.7654,0.5344,0.2779,0.0867,0.1479,0.231,0.2565,0.2779,0.4322,13853738.799999999,8.0,14.0,22.0,24.0,26.0
12071020301,W1,209,41382000.0,151.4,0.9796,0.9035,0.7467,0.5106,0.0204,0.0761,0.1568,0.2361,0.5106,0.6458,26724495.6,4.0,16.0,33.0,49.0,107.0
12071020301,MH,121,5989500.0,151.4,0.9943,0.9731,0.9032,0.7877,0.0057,0.0212,0.0699,0.1155,0.7877,0.8529,5108444.55,1.0,3.0,8.0,14.0,95.0
12071020301,M1,40,7680000.0,151.4,0.9601,0.8458,0.6524,0.4029,0.0399,0.1143,0.1934,0.2495,0.4029,0.5493,4218624.0,2.0,5.0,8.0,10.0,16.0
12071020301,C1,20,5600000.0,151.4,0.9035,0.7467,0.5106,0.2582,0.0965,0.1568,0.2361,0.2524,0.2582,0.4111,2302160.0,2.0,3.0,5.0,5.0,5.0
12071020301,S1,12,4092000.0,151.4,0.9035,0.7467,0.5106,0.2582,0.0965,0.1568,0.2361,0.2524,0.2582,0.4111,1682221.2000000002,1.0,2.0,3.0,3.0,3.0
12071070202,W1,4601,910998000.0,141.8,0.9684,0.8675,0.6833,0.4362,0.0316,0.101,0.1842,0.2471,0.4362,0.5802,528561039.6,145.0,465.0,848.0,1137.0,2007.0
12071070202,MH,2655,131422500.0,141.8,0.9911,0.9612,0.8721,0.7372,0.0089,0.0298,0.0891,0.1349,0.7372,0.8142,107004199.5,24.0,79.0,237.0,358.0,1957.0
12071070202,M1,885,169920000.0,141.8,0.9412,0.7971,0.5811,0.3325,0.0588,0.1441,0.2161,0.2485,0.3325,0.4813,81782496.0,52.0,128.0,191.0,220.0,294.0
12071070202,C1,442,123760000.0,141.8,0.8675,0.6833,0.4362,0.2016,0.1325,0.1842,0.2471,0.2346,0.2016,0.3473,42981848.0,59.0,81.0,109.0,104.0,89.0
12071070202,S1,265,90365000.0,141.8,0.8675,0.6833,0.4362,0.2016,0.1325,0.1842,0.2471,0.2346,0.2016,0.3473,31383764.5,35.0,49.0,65.0,62.0,53.0
12071050324,W1,279,55242000.0,119.7,0.9153,0.7358,0.4971,0.2596,0.0847,0.1795,0.2386,0.2376,0.2596,0.4058,22417203.6,24.0,50.0,67.0,66.0,72.0
12071050324,MH,161,7969500.0,119.7,0.9741,0.9101,0.7621,0.5837,0.0259,0.064,0.148,0.1784,0.5837,0.6889,5490188.55,4.0,10.0,24.0,29.0,94.0
12071050324,M1,54,10368000.0,119.7,0.8601,0.6358,0.3899,0.1796,0.1399,0.2243,0.2459,0.2104,0.1796,0.3138,3253478.4000000004,8.0,12.0,13.0,11.0,10.0
12071050324,C1,27,7560000.0,119.7,0.7358,0.4971,0.2596,0.0934,0.2642,0.2386,0.2376,0.1662,0.0934,0.205,1549800.0,7.0,6.0,6.0,4.0,3.0
12071050324,S1,16,5456000.0,119.7,0.7358,0.4971,0.2596,0.0934,0.2642,0.2386,0.2376,0.1662,0.0934,0.205,1118480.0,4.0,4.0,4.0,3.0,1.0
12071001207,W1,220,43560000.0,150.2,0.9784,0.8995,0.7394,0.5015,0.0216,0.0789,0.1602,0.2378,0.5015,0.638,27791280.0,5.0,17.0,35.0,52.0,110.0
12071001207,MH,127,6286500.0,150.2,0.994,0.9718,0.8998,0.7819,0.006,0.0221,0.0721,0.1179,0.7819,0.8485,5334095.25,1.0,3.0,9.0,15.0,99.0
12071001207,M1,42,8064000.0,150.2,0.9581,0.8403,0.644,0.3942,0.0419,0.1178,0.1964,0.2498,0.3942,0.541,4362624.0,2.0,5.0,8.0,10.0,17.0
12071001207,C1,21,5880000.0,150.2,0.8995,0.7394,0.5015,0.2509,0.1005,0.1602,0.2378,0.2506,0.2509,0.4032,2370816.0,2.0,3.0,5.0,5.0,5.0
12071001207,S1,13,4433000.0,150.2,0.8995,0.7394,0.5015,0.2509,0.1005,0.1602,0.2378,0.2506,0.2509,0.4032,1787385.6,1.0,2.0,3.0,3.0,3.0
12071010416,W1,160,31680000.0,154.7,0.9824,0.9136,0.766,0.5351,0.0176,0.0688,0.1476,0.2309,0.5351,0.6667,21121056.0,3.0,11.0,24.0,37.0,86.0
12071010416,MH,92,4554000.0,154.7,0.9951,0.9763,0.9122,0.803,0.0049,0.0188,0.0641,0.1091,0.803,0.8644,3936477.5999999996,0.0,2.0,6.0,10.0,74.0
12071010416,M1,31,5952000.0,154.7,0.9651,0.86,0.6749,0.4269,0.0349,0.1052,0.1851,0.2479,0.4269,0.5715,3401568.0,1.0,3.0,6.0,8.0,13.0
12071010416,C1,15,4200000.0,154.7,0.9136,0.766,0.5351,0.2785,0.0864,0.1476,0.2309,0.2566,0.2785,0.4329,1818180.0,1.0,2.0,3.0,4.0,4.0
12071010416,S1,9,3069000.0,154.7,0.9136,0.766,0.5351,0.2785,0.0864,0.1476,0.2309,0.2566,0.2785,0.4329,1328570.1,1.0,1.0,2.0,2.0,3.0
12071010414,W1,102,20196000.0,150.9,0.9791,0.9019,0.7437,0.5068,0.0209,0.0773,0.1582,0.2368,0.5068,0.6426,12977949.6,2.0,8.0,16.0,24.0,52.0
12071010414,MH,59,2920500.0,150.9,0.9942,0.9726,0.9018,0.7853,0.0058,0.0216,0.0708,0.1165,0.7853,0.8511,2485637.55,0.0,1.0,4.0,7.0,46.0
12071010414,M1,20,3840000.0,150.9,0.9593,0.8435,0.6489,0.3993,0.0407,0.1158,0.1946,0.2496,0.3993,0.5459,2096256.0000000002,1.0,2.0,4.0,5.0,8.0
12071010414,C1,10,2800000.0,150.9,0.9019,0.7437,0.5068,0.2552,0.0981,0.1582,0.2368,0.2516,0.2552,0.4078,1141840.0,1.0,2.0,2.0,3.0,3.0
12071010414,S1,6,2046000.0,150.9,0.9019,0.7437,0.5068,0.2552,0.0981,0.1582,0.2368,0.2516,0.2552,0.4078,834358.8,1.0,1.0,1.0,2.0,2.0
12071010207,W1,418,82764000.0,149.5,0.9777,0.8972,0.735,0.4962,0.0223,0.0806,0.1622,0.2388,0.4962,0.6334,52422717.599999994,9.0,34.0,68.0,100.0,207.0
12071010207,MH,241,11929500.0,149.5,0.9938,0.9711,0.8977,0.7785,0.0062,0.0227,0.0734,0.1193,0.7785,0.8459,10091164.05,1.0,5.0,18.0,29.0,188.0
12071010207,M1,80,15360000.0,149.5,0.9569,0.8371,0.639,0.389,0.0431,0.1199,0.1981,0.2499,0.389,0.5362,8236032.0,3.0,10.0,16.0,20.0,31.0
12071010207,C1,40,11200000.0,149.5,0.8972,0.735,0.4962,0.2467,0.1028,0.1622,0.2388,0.2495,0.2467,0.3986,4464320.0,4.0,6.0,10.0,10.0,10.0
12071010207,S1,24,8184000.0,149.5,0.8972,0.735,0.4962,0.2467,0.1028,0.1622,0.2388,0.2495,0.2467,0.3986,3262142.4,2.0,4.0,6.0,6.0,6.0
12071070201,W1,1370,271260000.0,152.8,0.9808,0.9079,0.755,0.5211,0.0192,0.0729,0.1529,0.234,0.5211,0.6548,177621048.0,26.0,100.0,209.0,321.0,714.0
12071070201,MH,790,39105000.0,152.8,0.9947,0.9745,0.9071,0.7944,0.0053,0.0202,0.0674,0.1128,0.7944,0.8579,33548179.5,4.0,16.0,53.0,89.0,628.0
12071070201,M1,263,50496000.0,152.8,0.9623,0.8519,0.6621,0.4131,0.0377,0.1104,0.1899,0.2489,0.4131,0.5588,28217164.799999997,10.0,29.0,50.0,65.0,109.0
12071070201,C1,132,36960000.0,152.8,0.9079,0.755,0.5211,0.2668,0.0921,0.1529,0.234,0.2543,0.2668,0.4204,15537984.0,12.0,20.0,31.0,34.0,35.0
12071070201,S1,79,26939000.0,152.8,0.9079,0.755,0.5211,0.2668,0.0921,0.1529,0.234,0.2543,0.2668,0.4204,11325155.6,7.0,12.0,18.0,20.0,21.0
12071020302,W1,153,30294000.0,149.6,0.9778,0.8975,0.7356,0.497,0.0222,0.0803,0.1619,0.2387,0.497,0.6341,19209425.4,3.0,12.0,25.0,37.0,76.0
12071020302,MH,88,4356000.0,149.6,0.9938,0.9712,0.898,0.779,0.0062,0.0226,0.0732,0.1191,0.779,0.8463,3686482.8000000003,1.0,2.0,6.0,10.0,69.0
12071020302,M1,30,5760000.0,149.6,0.9571,0.8375,0.6397,0.3898,0.0429,0.1196,0.1978,0.2499,0.3898,0.5369,3092544.0000000005,1.0,4.0,6.0,7.0,12.0
12071020302,C1,15,4200000.0,149.6,0.8975,0.7356,0.497,0.2473,0.1025,0.1619,0.2387,0.2497,0.2473,0.3992,1676640.0,2.0,2.0,4.0,4.0,4.0
12071020302,S1,9,3069000.0,149.6,0.8975,0.7356,0.497,0.2473,0.1025,0.1619,0.2387,0.2497,0.2473,0.3992,1225144.8,1.0,1.0,2.0,2.0,2.0
12071030205,W1,506,100188000.0,141.9,0.9686,0.8679,0.684,0.437,0.0314,0.1007,0.1839,0.247,0.437,0.5809,58199209.199999996,16.0,51.0,93.0,125.0,221.0
12071030205,MH,292,14454000.0,141.9,0.9911,0.9613,0.8725,0.7378,0.0089,0.0297,0.0889,0.1347,0.7378,0.8146,11774228.4,3.0,9.0,26.0,39.0,215.0
12071030205,M1,97,18624000.0,141.9,0.9414,0.7977,0.5819,0.3333,0.0586,0.1437,0.2158,0.2486,0.3333,0.482,8976768.0,6.0,14.0,21.0,24.0,32.0
12071030205,C1,49,13720000.0,141.9,0.8679,0.684,0.437,0.2021,0.1321,0.1839,0.247,0.2348,0.2021,0.3479,4773188.0,6.0,9.0,12.0,12.0,10.0
12071030205,S1,29,9889000.0,141.9,0.8679,0.684,0.437,0.2021,0.1321,0.1839,0.247,0.2348,0.2021,0.3479,3440383.1,4.0,5.0,7.0,7.0,6.0
12071010112,W1,140,27720000.0,146.3,0.9743,0.8857,0.7144,0.4716,0.0257,0.0886,0.1713,0.2428,0.4716,0.6119,16961868.0,4.0,12.0,24.0,34.0,66.0
12071010112,MH,81,4009500.0,146.3,0.9928,0.9673,0.8877,0.7621,0.0072,0.0254,0.0796,0.1257,0.7621,0.8334,3341517.3000000003,1.0,2.0,6.0,10.0,62.0
12071010112,M1,27,5184000.0,146.3,0.9509,0.8214,0.6156,0.3655,0.0491,0.1296,0.2058,0.25,0.3655,0.5137,2663020.8000000003,1.0,3.0,6.0,7.0,10.0
12071010112,C1,14,3920000.0,146.3,0.8857,0.7144,0.4716,0.2276,0.1143,0.1713,0.2428,0.244,0.2276,0.3773,1479016.0,2.0,2.0,3.0,3.0,3.0
12071010112,S1,8,2728000.0,146.3,0.8857,0.7144,0.4716,0.2276,0.1143,0.1713,0.2428,0.244,0.2276,0.3773,1029274.4,1.0,1.0,2.0,2.0,2.0
12071010113,W1,2737,541926000.0,153.0,0.981,0.9085,0.7562,0.5226,0.019,0.0725,0.1523,0.2336,0.5226,0.6561,355557648.6,52.0,198.0,417.0,639.0,1430.0
12071010113,MH,1579,78160500.0,153.0,0.9947,0.9747,0.9077,0.7953,0.0053,0.02,0.067,0.1124,0.7953,0.8586,67108605.300000004,8.0,32.0,106.0,177.0,1256.0
12071010113,M1,526,100992000.0,153.0,0.9626,0.8528,0.6634,0.4146,0.0374,0.1098,0.1894,0.2488,0.4146,0.5601,56565619.2,20.0,58.0,100.0,131.0,218.0
12071010113,C1,263,73640000.0,153.0,0.9085,0.7562,0.5226,0.268,0.0915,0.1523,0.2336,0.2545,0.268,0.4217,31053988.0,24.0,40.0,61.0,67.0,70.0
12071010113,S1,158,53878000.0,153.0,0.9085,0.7562,0.5226,0.268,0.0915,0.1523,0.2336,0.2545,0.268,0.4217,22720352.6,14.0,24.0,37.0,40.0,42.0
12071010108,W1,411,81378000.0,155.4,0.983,0.9156,0.7699,0.5402,0.017,0.0674,0.1457,0.2297,0.5402,0.671,54604638.0,7.0,28.0,60.0,94.0,222.0
12071010108,MH,237,11731500.0,155.4,0.9953,0.9769,0.9139,0.8062,0.0047,0.0184,0.063,0.1078,0.8062,0.8667,10167691.05,1.0,4.0,15.0,26.0,191.0
12071010108,M1,79,15168000.0,155.4,0.9661,0.8628,0.6795,0.432,0.0339,0.1033,0.1833,0.2475,0.432,0.5761,8738284.799999999,3.0,8.0,14.0,20.0,34.0
12071010108,C1,40,11200000.0,155.4,0.9156,0.7699,0.5402,0.2829,0.0844,0.1457,0.2297,0.2574,0.2829,0.4374,4898880.0,3.0,6.0,9.0,10.0,11.0
12071010108,S1,24,8184000.0,155.4,0.9156,0.7699,0.5402,0.2829,0.0844,0.1457,0.2297,0.2574,0.2829,0.4374,3579681.6,2.0,3.0,6.0,6.0,7.0
12071050211,W1,85,16830000.0,139.4,0.9648,0.8567,0.6657,0.4171,0.0352,0.1081,0.191,0.2487,0.4171,0.5627,9470241.0,3.0,9.0,16.0,21.0,35.0
12071050211,MH,49,2425500.0,139.4,0.99,0.9575,0.863,0.7231,0.01,0.0325,0.0945,0.1399,0.7231,0.8032,1948161.6,0.0,2.0,5.0,7.0,35.0
12071050211,M1,16,3072000.0,139.4,0.9353,0.7831,0.5619,0.315,0.0647,0.1522,0.2211,0.2469,0.315,0.4636,1424179.2,1.0,2.0,4.0,4.0,5.0
12071050211,C1,8,2240000.0,139.4,0.8567,0.6657,0.4171,0.1881,0.1433,0.191,0.2487,0.2289,0.1881,0.3313,742112.0,1.0,2.0,2.0,2.0,2.0
12071050211,S1,5,1705000.0,139.4,0.8567,0.6657,0.4171,0.1881,0.1433,0.191,0.2487,0.2289,0.1881,0.3313,564866.5,1.0,1.0,1.0,1.0,1.0
12071050603,W1,124,24552000.0,129.0,0.9438,0.8007,0.5819,0.3333,0.0562,0.1431,0.2189,0.2486,0.3333,0.4823,11841429.6,7.0,18.0,27.0,31.0,41.0
12071050603,MH,71,3514500.0,129.0,0.9835,0.9368,0.8159,0.6548,0.0165,0.0467,0.1208,0.1611,0.6548,0.7484,2630251.8,1.0,3.0,9.0,11.0,46.0
12071050603,M1,24,4608000.0,129.0,0.9023,0.7126,0.4738,0.241,0.0977,0.1896,0.2388,0.2329,0.241,0.3851,1774540.8,2.0,5.0,6.0,6.0,6.0
12071050603,C1,12,3360000.0,129.0,0.8007,0.5819,0.3333,0.1343,0.1993,0.2189,0.2486,0.199,0.1343,0.263,883680.0,2.0,3.0,3.0,2.0,2.0
12071050603,S1,7,2387000.0,129.0,0.8007,0.5819,0.3333,0.1343,0.1993,0.2189,0.2486,0.199,0.1343,0.263,627781.0,1.0,2.0,2.0,1.0,1.0
12071050402,W1,174,34452000.0,127.6,0.9402,0.7919,0.5696,0.322,0.0598,0.1483,0.2223,0.2476,0.322,0.471,16226892.0,10.0,26.0,39.0,43.0,56.0
12071050402,MH,100,4950000.0,127.6,0.9823,0.9333,0.8086,0.6447,0.0177,0.049,0.1247,0.1639,0.6447,0.7401,3663495.0,2.0,5.0,12.0,16.0,64.0
12071050402,M1,33,6336000.0,127.6,0.8968,0.7019,0.4614,0.2313,0.1032,0.1949,0.2405,0.2301,0.2313,0.3743,2371564.8000000003,3.0,6.0,8.0,8.0,8.0
12071050402,C1,17,4760000.0,127.6,0.7919,0.5696,0.322,0.1277,0.2081,0.2223,0.2476,0.1943,0.1277,0.254,1209040.0,4.0,4.0,4.0,3.0,2.0
12071050402,S1,10,3410000.0,127.6,0.7919,0.5696,0.322,0.1277,0.2081,0.2223,0.2476,0.1943,0.1277,0.254,866140.0,2.0,2.0,2.0,2.0,1.0
12071050604,W1,133,26334000.0,126.7,0.9378,0.786,0.5617,0.3148,0.0622,0.1517,0.2244,0.2469,0.3148,0.4637,12211075.8,8.0,20.0,30.0,33.0,42.0
12071050604,MH,77,3811500.0,126.7,0.9815,0.931,0.8037,0.6381,0.0185,0.0505,0.1273,0.1656,0.6381,0.7346,2799927.9,1.0,4.0,10.0,13.0,49.0
12071050604,M1,26,4992000.0,126.7,0.8931,0.6949,0.4534,0.2252,0.1069,0.1982,0.2415,0.2282,0.2252,0.3674,1834060.8,3.0,5.0,6.0,6.0,6.0
12071050604,C1,13,3640000.0,126.7,0.786,0.5617,0.3148,0.1235,0.214,0.2244,0.2469,0.1913,0.1235,0.2483,903812.0,3.0,3.0,3.0,2.0,2.0
12071050604,S1,8,2728000.0,126.7,0.786,0.5617,0.3148,0.1235,0.214,0.2244,0.2469,0.1913,0.1235,0.2483,677362.4,2.0,2.0,2.0,2.0,1.0
12071050401,W1,177,35046000.0,127.2,0.9392,0.7893,0.5661,0.3188,0.0608,0.1498,0.2232,0.2473,0.3188,0.4678,16394518.799999999,11.0,27.0,40.0,44.0,56.0
12071050401,MH,102,5049000.0,127.2,0.982,0.9323,0.8064,0.6418,0.018,0.0497,0.1259,0.1647,0.6418,0.7377,3724647.3000000003,2.0,5.0,13.0,17.0,65.0
12071050401,M1,34,6528000.0,127.2,0.8952,0.6988,0.4579,0.2286,0.1048,0.1964,0.2409,0.2292,0.2286,0.3713,2423846.4,4.0,7.0,8.0,8.0,8.0
12071050401,C1,17,4760000.0,127.2,0.7893,0.5661,0.3188,0.1258,0.2107,0.2232,0.2473,0.193,0.1258,0.2515,1197140.0,4.0,4.0,4.0,3.0,2.0
12071050401,S1,10,3410000.0,127.2,0.7893,0.5661,0.3188,0.1258,0.2107,0.2232,0.2473,0.193,0.1258,0.2515,857615.0,2.0,2.0,2.0,2.0,1.0
12071040212,W1,610,120780000.0,141.9,0.9686,0.8679,0.684,0.437,0.0314,0.1007,0.1839,0.247,0.437,0.5809,70161102.0,19.0,61.0,112.0,151.0,267.0
12071040212,MH,352,17424000.0,141.9,0.9911,0.9613,0.8725,0.7378,0.0089,0.0297,0.0889,0.1347,0.7378,0.8146,14193590.4,3.0,10.0,31.0,47.0,260.0
12071040212,M1,117,22464000.0,141.9,0.9414,0.7977,0.5819,0.3333,0.0586,0.1437,0.2158,0.2486,0.3333,0.482,10827648.0,7.0,17.0,25.0,29.0,39.0
12071040212,C1,59,16520000.0,141.9,0.8679,0.684,0.437,0.2021,0.1321,0.1839,0.247,0.2348,0.2021,0.3479,5747308.0,8.0,11.0,15.0,14.0,12.0
12071040212,S1,35,11935000.0,141.9,0.8679,0.684,0.437,0.2021,0.1321,0.1839,0.247,0.2348,0.2021,0.3479,4152186.5,5.0,6.0,9.0,8.0,7.0
12071050315,W1,175,34650000.0,133.6,0.9543,0.8275,0.6205,0.3704,0.0457,0.1268,0.207,0.2501,0.3704,0.5187,17972955.0,8.0,22.0,36.0,44.0,65.0
12071050315,MH,101,4999500.0,133.6,0.9867,0.9469,0.8383,0.6865,0.0133,0.0398,0.1086,0.1518,0.6865,0.7741,3870112.95,1.0,4.0,11.0,15.0,69.0
12071050315,M1,34,6528000.0,133.6,0.9184,0.7457,0.5137,0.2732,0.0816,0.1727,0.232,0.2405,0.2732,0.4201,2742412.8,3.0,6.0,8.0,8.0,9.0
12071050315,C1,17,4760000.0,133.6,0.8275,0.6205,0.3704,0.1572,0.1725,0.207,0.2501,0.2132,0.1572,0.2929,1394204.0,3.0,4.0,4.0,4.0,3.0
12071050315,S1,10,3410000.0,133.6,0.8275,0.6205,0.3704,0.1572,0.1725,0.207,0.2501,0.2132,0.1572,0.2929,998789.0,2.0,2.0,3.0,2.0,2.0
12071050318,W1,471,93258000.0,131.6,0.95,0.8163,0.604,0.3542,0.05,0.1337,0.2123,0.2497,0.3542,0.503,46908774.0,24.0,63.0,100.0,118.0,167.0
12071050318,MH,272,13464000.0,131.6,0.9854,0.9427,0.8289,0.673,0.0146,0.0427,0.1138,0.1559,0.673,0.7632,10275724.8,4.0,12.0,31.0,42.0,183.0
12071050318,M1,91,17472000.0,131.6,0.9117,0.7317,0.4965,0.2591,0.0883,0.18,0.2352,0.2375,0.2591,0.4049,7074412.8,8.0,16.0,21.0,22.0,24.0
12071050318,C1,45,12600000.0,131.6,0.8163,0.604,0.3542,0.147,0.1837,0.2123,0.2497,0.2072,0.147,0.2798,3525480.0,8.0,10.0,11.0,9.0,7.0
12071050318,S1,27,9207000.0,131.6,0.8163,0.604,0.3542,0.147,0.1837,0.2123,0.2497,0.2072,0.147,0.2798,2576118.6,5.0,6.0,7.0,6.0,4.0
12071050320,W1,252,49896000.0,139.3,0.9646,0.8563,0.665,0.4163,0.0354,0.1084,0.1913,0.2487,0.4163,0.5619,28036562.4,9.0,27.0,48.0,63.0,105.0
12071050320,MH,146,7227000.0,139.3,0.9899,0.9573,0.8626,0.7225,0.0101,0.0326,0.0947,0.1401,0.7225,0.8027,5801112.899999999,1.0,5.0,14.0,20.0,105.0
12071050320,M1,48,9216000.0,139.3,0.935,0.7825,0.5611,0.3143,0.065,0.1525,0.2214,0.2468,0.3143,0.4629,4266086.399999999,3.0,7.0,11.0,12.0,15.0
12071050320,C1,24,6720000.0,139.3,0.8563,0.665,0.4163,0.1876,0.1437,0.1913,0.2487,0.2287,0.1876,0.3306,2221632.0,3.0,5.0,6.0,5.0,5.0
12071050320,S1,15,5115000.0,139.3,0.8563,0.665,0.4163,0.1876,0.1437,0.1913,0.2487,0.2287,0.1876,0.3306,1691019.0,2.0,3.0,4.0,3.0,3.0
12071010418,W1,176,34848000.0,153.8,0.9817,0.9109,0.7608,0.5285,0.0183,0.0708,0.1501,0.2324,0.5285,0.6611,23038012.8,3.0,12.0,26.0,41.0,93.0
12071010418,MH,101,4999500.0,153.8,0.9949,0.9755,0.9098,0.799,0.0051,0.0195,0.0656,0.1108,0.799,0.8613,4306069.35,1.0,2.0,7.0,11.0,81.0
12071010418,M1,34,6528000.0,153.8,0.9638,0.8562,0.6688,0.4204,0.0362,0.1076,0.1874,0.2484,0.4204,0.5655,3691584.0,1.0,4.0,6.0,8.0,14.0
12071010418,C1,17,4760000.0,153.8,0.9109,0.7608,0.5285,0.2729,0.0891,0.1501,0.2324,0.2555,0.2729,0.427,2032520.0,2.0,3.0,4.0,4.0,5.0
12071010418,S1,10,3410000.0,153.8,0.9109,0.7608,0.5285,0.2729,0.0891,0.1501,0.2324,0.2555,0.2729,0.427,1456070.0,1.0,2.0,2.0,3.0,3.0
12071020103,W1,342,67716000.0,146.6,0.9746,0.8868,0.7164,0.4739,0.0254,0.0878,0.1704,0.2425,0.4739,0.6139,41570852.4,9.0,30.0,58.0,83.0,162.0
12071020103,MH,197,9751500.0,146.6,0.9929,0.9677,0.8887,0.7636,0.0071,0.0252,0.079,0.1251,0.7636,0.8346,8138601.9,1.0,5.0,16.0,25.0,150.0
12071020103,M1,66,12672000.0,146.6,0.9515,0.8229,0.6178,0.3677,0.0485,0.1286,0.2051,0.2501,0.3677,0.5159,6537484.800000001,3.0,8.0,14.0,17.0,24.0
12071020103,C1,33,9240000.0,146.6,0.8868,0.7164,0.4739,0.2294,0.1132,0.1704,0.2425,0.2445,0.2294,0.3793,3504732.0000000005,4.0,6.0,8.0,8.0,8.0
12071020103,S1,20,6820000.0,146.6,0.8868,0.7164,0.4739,0.2294,0.1132,0.1704,0.2425,0.2445,0.2294,0.3793,2586826.0,2.0,3.0,5.0,5.0,5.0
12071010110,W1,2052,406296000.0,156.0,0.9834,0.9173,0.7733,0.5446,0.0166,0.0661,0.144,0.2286,0.5446,0.6747,274127911.2,34.0,136.0,295.0,469.0,1118.0
12071010110,MH,1184,58608000.0,156.0,0.9954,0.9774,0.9155,0.8088,0.0046,0.018,0.062,0.1067,0.8088,0.8687,50912769.6,5.0,21.0,73.0,126.0,958.0
12071010110,M1,395,75840000.0,156.0,0.9669,0.8652,0.6834,0.4363,0.0331,0.1017,0.1818,0.2471,0.4363,0.5801,43994783.99999999,13.0,40.0,72.0,98.0,172.0
12071010110,C1,197,55160000.0,156.0,0.9173,0.7733,0.5446,0.2866,0.0827,0.144,0.2286,0.258,0.2866,0.4414,24347624.0,16.0,28.0,45.0,51.0,56.0
12071010110,S1,118,40238000.0,156.0,0.9173,0.7733,0.5446,0.2866,0.0827,0.144,0.2286,0.258,0.2866,0.4414,17761053.2,10.0,17.0,27.0,30.0,34.0
12071010111,W1,479,94842000.0,155.3,0.9829,0.9153,0.7694,0.5395,0.0171,0.0676,0.146,0.2299,0.5395,0.6704,63582076.8,8.0,32.0,70.0,110.0,258.0
12071010111,MH,276,13662000.0,155.3,0.9953,0.9768,0.9137,0.8057,0.0047,0.0184,0.0631,0.108,0.8057,0.8664,11836756.799999999,1.0,5.0,17.0,30.0,222.0
12071010111,M1,92,17664000.0,155.3,0.966,0.8624,0.6788,0.4313,0.034,0.1036,0.1836,0.2476,0.4313,0.5755,10165632.0,3.0,10.0,17.0,23.0,40.0
12071010111,C1,46,12880000.0,155.3,0.9153,0.7694,0.5395,0.2822,0.0847,0.146,0.2299,0.2573,0.2822,0.4368,5625984.0,4.0,7.0,11.0,12.0,13.0
12071010111,S1,28,9548000.0,155.3,0.9153,0.7694,0.5395,0.2822,0.0847,0.146,0.2299,0.2573,0.2822,0.4368,4170566.4000000004,2.0,4.0,6.0,7.0,8.0
12071040138,W1,8998,1781604000.0,136.2,0.9593,0.8412,0.6413,0.3914,0.0407,0.1181,0.1999,0.2499,0.3914,0.5387,959750074.8,366.0,1063.0,1799.0,2249.0,3522.0
12071040138,MH,5191,256954500.0,136.2,0.9883,0.952,0.8498,0.7034,0.0117,0.0364,0.1021,0.1465,0.7034,0.7875,202351668.75,61.0,189.0,530.0,760.0,3651.0
12071040138,M1,1730,332160000.0,136.2,0.9264,0.7631,0.5357,0.2918,0.0736,0.1634,0.2274,0.2438,0.2918,0.4397,146050752.0,127.0,283.0,393.0,422.0,505.0
12071040138,C1,865,242200000.0,136.2,0.8412,0.6413,0.3914,0.1708,0.1588,0.1999,0.2499,0.2206,0.1708,0.3101,75106220.0,137.0,173.0,216.0,191.0,148.0
12071040138,S1,519,176979000.0,136.2,0.8412,0.6413,0.3914,0.1708,0.1588,0.1999,0.2499,0.2206,0.1708,0.3101,54881187.9,82.0,104.0,130.0,114.0,89.0
12071050317,W1,173,34254000.0,131.2,0.9491,0.8139,0.6006,0.351,0.0509,0.1352,0.2133,0.2496,0.351,0.4998,17120149.2,9.0,23.0,37.0,43.0,61.0
12071050317,MH,100,4950000.0,131.2,0.9851,0.9419,0.827,0.6703,0.0149,0.0433,0.1149,0.1567,0.6703,0.761,3766950.0,1.0,4.0,11.0,16.0,67.0
12071050317,M1,33,6336000.0,131.2,0.9103,0.7289,0.4931,0.2563,0.0897,0.1815,0.2358,0.2368,0.2563,0.4019,2546438.4,3.0,6.0,8.0,8.0,8.0
12071050317,C1,17,4760000.0,131.2,0.8139,0.6006,0.351,0.145,0.1861,0.2133,0.2496,0.206,0.145,0.2772,1319472.0,3.0,4.0,4.0,4.0,2.0
12071050317,S1,10,3410000.0,131.2,0.8139,0.6006,0.351,0.145,0.1861,0.2133,0.2496,0.206,0.145,0.2772,945252.0,2.0,2.0,2.0,2.0,1.0
12071050502,W1,305,60390000.0,123.3,0.9277,0.7627,0.5309,0.2877,0.0723,0.165,0.2318,0.2432,0.2877,0.4358,26317962.0,22.0,50.0,71.0,74.0,88.0
12071050502,MH,176,8712000.0,123.3,0.9782,0.9215,0.7844,0.6123,0.0218,0.0567,0.1371,0.1721,0.6123,0.7132,6213398.399999999,4.0,10.0,24.0,30.0,108.0
12071050502,M1,59,11328000.0,123.3,0.8781,0.6671,0.4228,0.2026,0.1219,0.211,0.2443,0.2202,0.2026,0.3413,3866246.4,7.0,12.0,14.0,13.0,12.0
12071050502,C1,29,8120000.0,123.3,0.7627,0.5309,0.2877,0.1083,0.2373,0.2318,0.2432,0.1794,0.1083,0.227,1843240.0,7.0,7.0,7.0,5.0,3.0
12071050502,S1,18,6138000.0,123.3,0.7627,0.5309,0.2877,0.1083,0.2373,0.2318,0.2432,0.1794,0.1083,0.227,1393326.0,4.0,4.0,4.0,3.0,2.0
12071050501,W1,107,21186000.0,125.4,0.9341,0.7774,0.55,0.3044,0.0659,0.1567,0.2273,0.2456,0.3044,0.4531,9599376.6,7.0,17.0,24.0,26.0,33.0
12071050501,MH,62,3069000.0,125.4,0.9803,0.9275,0.7965,0.6284,0.0197,0.0528,0.131,0.1681,0.6284,0.7266,2229935.4,1.0,3.0,8.0,10.0,39.0
12071050501,M1,20,3840000.0,125.4,0.8876,0.6845,0.4417,0.2165,0.1124,0.2031,0.2427,0.2253,0.2165,0.3574,1372416.0,2.0,4.0,5.0,5.0,4.0
12071050501,C1,10,2800000.0,125.4,0.7774,0.55,0.3044,0.1176,0.2226,0.2273,0.2456,0.1868,0.1176,0.2401,672280.0,2.0,2.0,2.0,2.0,1.0
12071050501,S1,6,2046000.0,125.4,0.7774,0.55,0.3044,0.1176,0.2226,0.2273,0.2456,0.1868,0.1176,0.2401,491244.60000000003,1.0,1.0,1.0,1.0,1.0
12071050213,W1,145,28710000.0,141.2,0.9676,0.8648,0.679,0.4314,0.0324,0.1027,0.1859,0.2475,0.4314,0.5758,16531218.0,5.0,15.0,27.0,36.0,63.0
12071050213,MH,84,4158000.0,141.2,0.9908,0.9603,0.8699,0.7338,0.0092,0.0305,0.0904,0.1361,0.7338,0.8115,3374217.0,1.0,3.0,8.0,11.0,62.0
12071050213,M1,28,5376000.0,141.2,0.9398,0.7937,0.5763,0.3281,0.0602,0.1461,0.2174,0.2482,0.3281,0.4769,2563814.4,2.0,4.0,6.0,7.0,9.0
12071050213,C1,14,3920000.0,141.2,0.8648,0.679,0.4314,0.1982,0.1352,0.1859,0.2475,0.2332,0.1982,0.3433,1345736.0,2.0,3.0,3.0,3.0,3.0
12071050213,S1,8,2728000.0,141.2,0.8648,0.679,0.4314,0.1982,0.1352,0.1859,0.2475,0.2332,0.1982,0.3433,936522.4,1.0,1.0,2.0,2.0,2.0
12071010420,W1,449,88902000.0,155.3,0.9829,0.9153,0.7694,0.5395,0.0171,0.0676,0.146,0.2299,0.5395,0.6704,59599900.8,8.0,30.0,66.0,103.0,242.0
12071010420,MH,259,12820500.0,155.3,0.9953,0.9768,0.9137,0.8057,0.0047,0.0184,0.0631,0.108,0.8057,0.8664,11107681.2,1.0,5.0,16.0,28.0,209.0
12071010420,M1,86,16512000.0,155.3,0.966,0.8624,0.6788,0.4313,0.034,0.1036,0.1836,0.2476,0.4313,0.5755,9502656.0,3.0,9.0,16.0,21.0,37.0
12071010420,C1,43,12040000.0,155.3,0.9153,0.7694,0.5395,0.2822,0.0847,0.146,0.2299,0.2573,0.2822,0.4368,5259072.0,4.0,6.0,10.0,11.0,12.0
12071010420,S1,26,8866000.0,155.3,0.9153,0.7694,0.5395,0.2822,0.0847,0.146,0.2299,0.2573,0.2822,0.4368,3872668.8000000003,2.0,4.0,6.0,7.0,7.0
12071040135,W1,337,66726000.0,148.8,0.977,0.8947,0.7306,0.4908,0.023,0.0823,0.1642,0.2397,0.4908,0.6288,41957308.800000004,8.0,28.0,55.0,81.0,165.0
12071040135,MH,195,9652500.0,148.8,0.9936,0.9703,0.8956,0.775,0.0064,0.0233,0.0747,0.1207,0.775,0.8432,8138987.999999999,1.0,5.0,15.0,24.0,151.0
12071040135,M1,65,12480000.0,148.8,0.9557,0.8337,0.6339,0.3839,0.0443,0.1219,0.1998,0.25,0.3839,0.5313,6630624.0,3.0,8.0,13.0,16.0,25.0
12071040135,C1,32,8960000.0,148.8,0.8947,0.7306,0.4908,0.2425,0.1053,0.1642,0.2397,0.2484,0.2425,0.3939,3529343.9999999995,3.0,5.0,8.0,8.0,8.0
12071040135,S1,19,6479000.0,148.8,0.8947,0.7306,0.4908,0.2425,0.1053,0.1642,0.2397,0.2484,0.2425,0.3939,2552078.0999999996,2.0,3.0,5.0,5.0,5.0
12071040130,W1,189,37422000.0,145.3,0.9731,0.8818,0.7077,0.4638,0.0269,0.0912,0.1742,0.2439,0.4638,0.605,22640310.0,5.0,17.0,33.0,46.0,88.0
12071040130,MH,109,5395500.0,145.3,0.9924,0.9661,0.8844,0.7567,0.0076,0.0264,0.0816,0.1277,0.7567,0.8293,4474488.15,1.0,3.0,9.0,14.0,82.0
12071040130,M1,36,6912000.0,145.3,0.9489,0.8162,0.6081,0.3582,0.0511,0.1327,0.2081,0.2499,0.3582,0.5066,3501619.2,2.0,5.0,7.0,9.0,13.0
12071040130,C1,18,5040000.0,145.3,0.8818,0.7077,0.4638,0.2217,0.1182,0.1742,0.2439,0.242,0.2217,0.3706,1867824.0,2.0,3.0,4.0,4.0,4.0
12071040130,S1,11,3751000.0,145.3,0.8818,0.7077,0.4638,0.2217,0.1182,0.1742,0.2439,0.242,0.2217,0.3706,1390120.5999999999,1.0,2.0,3.0,3.0,2.0
12071001917,W1,153,30294000.0,147.3,0.9754,0.8894,0.7209,0.4793,0.0246,0.086,0.1684,0.2416,0.4793,0.6187,18742897.8,4.0,13.0,26.0,37.0,73.0
12071001917,MH,88,4356000.0,147.3,0.9931,0.9686,0.891,0.7673,0.0069,0.0246,0.0776,0.1237,0.7673,0.8374,3647714.4000000004,1.0,2.0,7.0,11.0,68.0
12071001917,M1,29,5568000.0,147.3,0.9529,0.8264,0.623,0.3729,0.0471,0.1265,0.2034,0.2501,0.3729,0.5208,2899814.4000000004,1.0,4.0,6.0,7.0,11.0
12071001917,C1,15,4200000.0,147.3,0.8894,0.7209,0.4793,0.2335,0.1106,0.1684,0.2416,0.2458,0.2335,0.3839,1612380.0,2.0,3.0,4.0,4.0,4.0
12071001917,S1,9,3069000.0,147.3,0.8894,0.7209,0.4793,0.2335,0.1106,0.1684,0.2416,0.2458,0.2335,0.3839,1178189.1,1.0,2.0,2.0,2.0,2.0
12071010421,W1,266,52668000.0,154.3,0.9821,0.9124,0.7637,0.5322,0.0179,0.0697,0.1487,0.2315,0.5322,0.6642,34982085.6,5.0,19.0,40.0,62.0,142.0
12071010421,MH,153,7573500.0,154.3,0.995,0.9759,0.9111,0.8012,0.005,0.0191,0.0648,0.1099,0.8012,0.863,6535930.5,1.0,3.0,10.0,17.0,123.0
12071010421,M1,51,9792000.0,154.3,0.9646,0.8583,0.6722,0.424,0.0354,0.1063,0.1861,0.2482,0.424,0.5689,5570668.8,2.0,5.0,9.0,13.0,22.0
12071010421,C1,26,7280000.0,154.3,0.9124,0.7637,0.5322,0.276,0.0876,0.1487,0.2315,0.2561,0.276,0.4302,3131856.0,2.0,4.0,6.0,7.0,7.0
12071010421,S1,15,5115000.0,154.3,0.9124,0.7637,0.5322,0.276,0.0876,0.1487,0.2315,0.2561,0.276,0.4302,2200473.0,1.0,2.0,3.0,4.0,4.0
12071050322,W1,219,43362000.0,135.2,0.9575,0.836,0.6334,0.3833,0.0425,0.1214,0.2027,0.25,0.3833,0.531,23025222.0,9.0,27.0,44.0,55.0,84.0
12071050322,MH,127,6286500.0,135.2,0.9877,0.9501,0.8455,0.697,0.0123,0.0376,0.1046,0.1485,0.697,0.7824,4918557.6,2.0,5.0,13.0,19.0,89.0
12071050322,M1,42,8064000.0,135.2,0.9235,0.7565,0.5273,0.2846,0.0765,0.1669,0.2293,0.2426,0.2846,0.4322,3485260.8,3.0,7.0,10.0,10.0,12.0
12071050322,C1,21,5880000.0,135.2,0.836,0.6334,0.3833,0.1655,0.164,0.2027,0.25,0.2178,0.1655,0.3035,1784580.0,3.0,4.0,5.0,5.0,3.0
12071050322,S1,13,4433000.0,135.2,0.836,0.6334,0.3833,0.1655,0.164,0.2027,0.25,0.2178,0.1655,0.3035,1345415.5,2.0,3.0,3.0,3.0,2.0
12071010417,W1,145,28710000.0,153.4,0.9814,0.9097,0.7585,0.5255,0.0186,0.0716,0.1512,0.233,0.5255,0.6586,18908406.0,3.0,10.0,22.0,34.0,76.0
12071010417,MH,83,4108500.0,153.4,0.9948,0.9751,0.9088,0.7971,0.0052,0.0197,0.0663,0.1116,0.7971,0.86,3533310.0,0.0,2.0,6.0,9.0,66.0
12071010417,M1,28,5376000.0,153.4,0.9632,0.8545,0.6661,0.4175,0.0368,0.1087,0.1884,0.2486,0.4175,0.5628,3025612.8,1.0,3.0,5.0,7.0,12.0
12071010417,C1,14,3920000.0,153.4,0.9097,0.7585,0.5255,0.2705,0.0903,0.1512,0.233,0.255,0.2705,0.4243,1663256.0,1.0,2.0,3.0,4.0,4.0
12071010417,S1,8,2728000.0,153.4,0.9097,0.7585,0.5255,0.2705,0.0903,0.1512,0.233,0.255,0.2705,0.4243,1157490.4000000001,1.0,1.0,2.0,2.0,2.0
12071010419,W1,241,47718000.0,154.4,0.9822,0.9127,0.7643,0.5329,0.0178,0.0695,0.1484,0.2314,0.5329,0.6648,31722926.4,4.0,17.0,36.0,56.0,128.0
12071010419,MH,139,6880500.0,154.4,0.9951,0.976,0.9114,0.8017,0.0049,0.0191,0.0646,0.1097,0.8017,0.8634,5940623.699999999,1.0,3.0,9.0,15.0,111.0
12071010419,M1,46,8832000.0,154.4,0.9647,0.8587,0.6729,0.4248,0.0353,0.106,0.1859,0.2481,0.4248,0.5695,5029824.0,2.0,5.0,9.0,11.0,20.0
12071010419,C1,23,6440000.0,154.4,0.9127,0.7643,0.5329,0.2767,0.0873,0.1484,0.2314,0.2563,0.2767,0.4309,2774996.0,2.0,3.0,5.0,6.0,6.0
12071010419,S1,14,4774000.0,154.4,0.9127,0.7643,0.5329,0.2767,0.0873,0.1484,0.2314,0.2563,0.2767,0.4309,2057116.6,1.0,2.0,3.0,4.0,4.0
12071050212,W1,103,20394000.0,143.0,0.9701,0.8726,0.6918,0.4457,0.0299,0.0975,0.1807,0.2461,0.4457,0.5888,12007987.2,3.0,10.0,19.0,25.0,46.0
12071050212,MH,60,2970000.0,143.0,0.9915,0.9629,0.8765,0.7441,0.0085,0.0286,0.0865,0.1324,0.7441,0.8195,2433915.0,1.0,2.0,5.0,8.0,45.0
12071050212,M1,20,3840000.0,143.0,0.944,0.8038,0.5904,0.3413,0.056,0.1401,0.2134,0.2491,0.3413,0.49,1881600.0,1.0,3.0,4.0,5.0,7.0
12071050212,C1,10,2800000.0,143.0,0.8726,0.6918,0.4457,0.2084,0.1274,0.1807,0.2461,0.2373,0.2084,0.3553,994840.0,1.0,2.0,2.0,2.0,2.0
12071050212,S1,6,2046000.0,143.0,0.8726,0.6918,0.4457,0.2084,0.1274,0.1807,0.2461,0.2373,0.2084,0.3553,726943.8,1.0,1.0,1.0,1.0,1.0
12071050319,W1,619,122562000.0,141.0,0.9673,0.864,0.6775,0.4298,0.0327,0.1033,0.1865,0.2477,0.4298,0.5744,70399612.8,20.0,64.0,115.0,153.0,266.0
12071050319,MH,357,17671500.0,141.0,0.9907,0.96,0.8691,0.7326,0.0093,0.0307,0.0908,0.1365,0.7326,0.8106,14324517.9,3.0,11.0,32.0,49.0,262.0
12071050319,M1,119,22848000.0,141.0,0.9393,0.7925,0.5747,0.3267,0.0607,0.1467,0.2178,0.2481,0.3267,0.4754,10861939.2,7.0,17.0,26.0,30.0,39.0
12071050319,C1,60,16800000.0,141.0,0.864,0.6775,0.4298,0.1971,0.136,0.1865,0.2477,0.2328,0.1971,0.3419,5743920.0,8.0,11.0,15.0,14.0,12.0
12071050319,S1,36,12276000.0,141.0,0.864,0.6775,0.4298,0.1971,0.136,0.1865,0.2477,0.2328,0.1971,0.3419,4197164.399999999,5.0,7.0,9.0,8.0,7.0
12071050210,W1,150,29700000.0,139.4,0.9648,0.8567,0.6657,0.4171,0.0352,0.1081,0.191,0.2487,0.4171,0.5627,16712190.0,5.0,16.0,29.0,37.0,63.0
12071050210,MH,86,4257000.0,139.4,0.99,0.9575,0.863,0.7231,0.01,0.0325,0.0945,0.1399,0.7231,0.8032,3419222.4,1.0,3.0,8.0,12.0,62.0
12071050210,M1,29,5568000.0,139.4,0.9353,0.7831,0.5619,0.315,0.0647,0.1522,0.2211,0.2469,0.315,0.4636,2581324.8000000003,2.0,4.0,6.0,7.0,9.0
12071050210,C1,14,3920000.0,139.4,0.8567,0.6657,0.4171,0.1881,0.1433,0.191,0.2487,0.2289,0.1881,0.3313,1298696.0,2.0,3.0,3.0,3.0,3.0
12071050210,S1,9,3069000.0,139.4,0.8567,0.6657,0.4171,0.1881,0.1433,0.191,0.2487,0.2289,0.1881,0.3313,1016759.7,1.0,2.0,2.0,2.0,2.0
12071010107,W1,214,42372000.0,154.3,0.9821,0.9124,0.7637,0.5322,0.0179,0.0697,0.1487,0.2315,0.5322,0.6642,28143482.400000002,4.0,15.0,32.0,50.0,114.0
12071010107,MH,123,6088500.0,154.3,0.995,0.9759,0.9111,0.8012,0.005,0.0191,0.0648,0.1099,0.8012,0.863,5254375.5,1.0,2.0,8.0,14.0,99.0
12071010107,M1,41,7872000.0,154.3,0.9646,0.8583,0.6722,0.424,0.0354,0.1063,0.1861,0.2482,0.424,0.5689,4478380.8,1.0,4.0,8.0,10.0,17.0
12071010107,C1,21,5880000.0,154.3,0.9124,0.7637,0.5322,0.276,0.0876,0.1487,0.2315,0.2561,0.276,0.4302,2529576.0,2.0,3.0,5.0,5.0,6.0
12071010107,S1,12,4092000.0,154.3,0.9124,0.7637,0.5322,0.276,0.0876,0.1487,0.2315,0.2561,0.276,0.4302,1760378.4000000001,1.0,2.0,3.0,3.0,3.0
12071010423,W1,1046,207108000.0,155.1,0.9828,0.9148,0.7682,0.5381,0.0172,0.068,0.1465,0.2302,0.5381,0.6692,138596673.6,18.0,71.0,153.0,241.0,563.0
12071010423,MH,603,29848500.0,155.1,0.9952,0.9766,0.9132,0.8048,0.0048,0.0186,0.0635,0.1084,0.8048,0.8657,25839846.45,3.0,11.0,38.0,65.0,485.0
12071010423,M1,201,38592000.0,155.1,0.9657,0.8616,0.6775,0.4298,0.0343,0.1041,0.1841,0.2477,0.4298,0.5742,22159526.400000002,7.0,21.0,37.0,50.0,86.0
12071010423,C1,101,28280000.0,155.1,0.9148,0.7682,0.5381,0.281,0.0852,0.1465,0.2302,0.2571,0.281,0.4355,12315940.0,9.0,15.0,23.0,26.0,28.0
12071010423,S1,60,20460000.0,155.1,0.9148,0.7682,0.5381,0.281,0.0852,0.1465,0.2302,0.2571,0.281,0.4355,8910330.0,5.0,9.0,14.0,15.0,17.0
12071050325,W1,234,46332000.0,116.2,0.9013,0.7073,0.4634,0.2329,0.0987,0.194,0.244,0.2305,0.2329,0.3764,17439364.8,23.0,45.0,57.0,54.0,54.0
12071050325,MH,135,6682500.0,116.2,0.9693,0.8974,0.7385,0.5545,0.0307,0.0718,0.1589,0.184,0.5545,0.6638,4435843.5,4.0,10.0,21.0,25.0,75.0
12071050325,M1,45,8640000.0,116.2,0.8404,0.6035,0.3578,0.1582,0.1596,0.2368,0.2457,0.1996,0.1582,0.2873,2482272.0,7.0,11.0,11.0,9.0,7.0
12071050325,C1,22,6160000.0,116.2,0.7073,0.4634,0.2329,0.08,0.2927,0.244,0.2305,0.1528,0.08,0.1844,1135904.0,6.0,5.0,5.0,3.0,2.0
12071050325,S1,14,4774000.0,116.2,0.7073,0.4634,0.2329,0.08,0.2927,0.244,0.2305,0.1528,0.08,0.1844,880325.6000000001,4.0,3.0,3.0,2.0,1.0
12071001708,W1,92,18216000.0,150.3,0.9785,0.8999,0.74,0.5023,0.0215,0.0787,0.1599,0.2377,0.5023,0.6387,11634559.200000001,2.0,7.0,15.0,22.0,46.0
12071001708,MH,53,2623500.0,150.3,0.994,0.972,0.9001,0.7824,0.006,0.0221,0.0719,0.1177,0.7824,0.8489,2227089.15,0.0,1.0,4.0,6.0,41.0
12071001708,M1,18,3456000.0,150.3,0.9583,0.8408,0.6447,0.3949,0.0417,0.1175,0.1961,0.2498,0.3949,0.5417,1872115.2,1.0,2.0,4.0,4.0,7.0
12071001708,C1,9,2520000.0,150.3,0.8999,0.74,0.5023,0.2515,0.1001,0.1599,0.2377,0.2507,0.2515,0.4039,1017828.0,1.0,1.0,2.0,2.0,2.0
12071001708,S1,5,1705000.0,150.3,0.8999,0.74,0.5023,0.2515,0.1001,0.1599,0.2377,0.2507,0.2515,0.4039,688649.5,1.0,1.0,1.0,1.0,1.0
12071010309,W1,269,53262000.0,146.2,0.9741,0.8853,0.7137,0.4708,0.0259,0.0889,0.1716,0.2429,0.4708,0.6112,32553734.4,7.0,24.0,46.0,65.0,127.0
12071010309,MH,155,7672500.0,146.2,0.9927,0.9672,0.8874,0.7615,0.0073,0.0255,0.0798,0.1259,0.7615,0.833,6391192.5,1.0,4.0,12.0,20.0,118.0
12071010309,M1,52,9984000.0,146.2,0.9507,0.8209,0.6148,0.3648,0.0493,0.1299,0.206,0.25,0.3648,0.513,5121792.0,3.0,7.0,11.0,13.0,19.0
12071010309,C1,26,7280000.0,146.2,0.8853,0.7137,0.4708,0.227,0.1147,0.1716,0.2429,0.2438,0.227,0.3766,2741648.0,3.0,4.0,6.0,6.0,6.0
12071010309,S1,16,5456000.0,146.2,0.8853,0.7137,0.4708,0.227,0.1147,0.1716,0.2429,0.2438,0.227,0.3766,2054729.5999999999,2.0,3.0,4.0,4.0,4.0
12071010109,W1,391,77418000.0,155.8,0.9833,0.9167,0.7722,0.5432,0.0167,0.0666,0.1446,0.229,0.5432,0.6734,52133281.2,7.0,26.0,57.0,90.0,212.0
12071010109,MH,226,11187000.0,155.8,0.9954,0.9773,0.915,0.8079,0.0046,0.0181,0.0623,0.107,0.8079,0.868,9710316.0,1.0,4.0,14.0,24.0,183.0
12071010109,M1,75,14400000.0,155.8,0.9667,0.8644,0.6821,0.4349,0.0333,0.1022,0.1823,0.2472,0.4349,0.5788,8334720.0,2.0,8.0,14.0,19.0,33.0
12071010109,C1,38,10640000.0,155.8,0.9167,0.7722,0.5432,0.2854,0.0833,0.1446,0.229,0.2578,0.2854,0.44,4681600.0,3.0,5.0,9.0,10.0,11.0
12071010109,S1,23,7843000.0,155.8,0.9167,0.7722,0.5432,0.2854,0.0833,0.1446,0.229,0.2578,0.2854,0.44,3450920.0,2.0,3.0,5.0,6.0,7.0
12071001001,W1,106,20988000.0,150.0,0.9782,0.8989,0.7381,0.5,0.0218,0.0794,0.1607,0.2381,0.5,0.6367,13363059.600000001,2.0,8.0,17.0,25.0,53.0
12071001001,MH,61,3019500.0,150.0,0.9939,0.9716,0.8992,0.7809,0.0061,0.0223,0.0724,0.1183,0.7809,0.8478,2559932.1,0.0,1.0,4.0,7.0,48.0
12071001001,M1,20,3840000.0,150.0,0.9578,0.8394,0.6425,0.3927,0.0422,0.1184,0.1969,0.2498,0.3927,0.5397,2072447.9999999998,1.0,2.0,4.0,5.0,8.0
12071001001,C1,10,2800000.0,150.0,0.8989,0.7381,0.5,0.2497,0.1011,0.1607,0.2381,0.2503,0.2497,0.4019,1125320.0,1.0,2.0,2.0,3.0,2.0
12071001001,S1,6,2046000.0,150.0,0.8989,0.7381,0.5,0.2497,0.1011,0.1607,0.2381,0.2503,0.2497,0.4019,822287.3999999999,1.0,1.0,1.0,2.0,1.0
12071020801,W1,111,21978000.0,145.5,0.9733,0.8826,0.709,0.4653,0.0267,0.0907,0.1736,0.2437,0.4653,0.6063,13325261.399999999,3.0,10.0,19.0,27.0,52.0
12071020801,MH,64,3168000.0,145.5,0.9925,0.9663,0.8851,0.7578,0.0075,0.0262,0.0812,0.1273,0.7578,0.8301,2629756.8,0.0,2.0,5.0,8.0,48.0
12071020801,M1,21,4032000.0,145.5,0.9493,0.8173,0.6096,0.3597,0.0507,0.1321,0.2077,0.2499,0.3597,0.508,2048256.0,1.0,3.0,4.0,5.0,8.0
12071020801,C1,11,3080000.0,145.5,0.8826,0.709,0.4653,0.2229,0.1174,0.1736,0.2437,0.2424,0.2229,0.372,1145760.0,1.0,2.0,3.0,3.0,2.0
12071020801,S1,6,2046000.0,145.5,0.8826,0.709,0.4653,0.2229,0.1174,0.1736,0.2437,0.2424,0.2229,0.372,761112.0,1.0,1.0,1.0,1.0,1.0
12071001710,W1,63,12474000.0,149.7,0.9779,0.8978,0.7363,0.4977,0.0221,0.0801,0.1616,0.2385,0.4977,0.6347,7917247.800000001,1.0,5.0,10.0,15.0,31.0
12071001710,MH,37,1831500.0,149.7,0.9938,0.9713,0.8983,0.7795,0.0062,0.0225,0.073,0.1189,0.7795,0.8466,1550547.9000000001,0.0,1.0,3.0,4.0,29.0
12071001710,M1,12,2304000.0,149.7,0.9573,0.838,0.6404,0.3905,0.0427,0.1193,0.1976,0.2499,0.3905,0.5376,1238630.4,1.0,1.0,2.0,3.0,5.0
12071001710,C1,6,1680000.0,149.7,0.8978,0.7363,0.4977,0.2479,0.1022,0.1616,0.2385,0.2498,0.2479,0.3999,671832.0,1.0,1.0,1.0,1.0,1.0
12071001710,S1,4,1364000.0,149.7,0.8978,0.7363,0.4977,0.2479,0.1022,0.1616,0.2385,0.2498,0.2479,0.3999,545463.6,0.0,1.0,1.0,1.0,1.0
12071000304,W1,184,36432000.0,151.2,0.9794,0.9028,0.7455,0.5091,0.0206,0.0766,0.1574,0.2364,0.5091,0.6445,23480424.0,4.0,14.0,29.0,43.0,94.0
12071000304,MH,106,5247000.0,151.2,0.9943,0.9729,0.9027,0.7868,0.0057,0.0214,0.0702,0.1159,0.7868,0.8522,4471493.399999999,1.0,2.0,7.0,12.0,83.0
12071000304,M1,35,6720000.0,151.2,0.9598,0.8449,0.651,0.4015,0.0402,0.1149,0.1939,0.2495,0.4015,0.5479,3681888.0000000005,1.0,4.0,7.0,9.0,14.0
12071000304,C1,18,5040000.0,151.2,0.9028,0.7455,0.5091,0.257,0.0972,0.1574,0.2364,0.2521,0.257,0.4098,2065392.0,2.0,3.0,4.0,5.0,5.0
12071000304,S1,11,3751000.0,151.2,0.9028,0.7455,0.5091,0.257,0.0972,0.1574,0.2364,0.2521,0.257,0.4098,1537159.8,1.0,2.0,3.0,3.0,3.0
12071001103,W1,54,10692000.0,151.0,0.9792,0.9022,0.7443,0.5076,0.0208,0.077,0.1579,0.2367,0.5076,0.6432,6877094.4,1.0,4.0,9.0,13.0,27.0
12071001103,MH,31,1534500.0,151.0,0.9942,0.9727,0.9021,0.7858,0.0058,0.0215,0.0706,0.1163,0.7858,0.8515,1306626.75,0.0,1.0,2.0,4.0,24.0
12071001103,M1,10,1920000.0,151.0,0.9595,0.844,0.6496,0.4,0.0405,0.1155,0.1944,0.2496,0.4,0.5465,1049280.0,0.0,1.0,2.0,2.0,4.0
12071001103,C1,5,1400000.0,151.0,0.9022,0.7443,0.5076,0.2558,0.0978,0.1579,0.2367,0.2518,0.2558,0.4085,571900.0,0.0,1.0,1.0,1.0,1.0
12071001103,S1,3,1023000.0,151.0,0.9022,0.7443,0.5076,0.2558,0.0978,0.1579,0.2367,0.2518,0.2558,0.4085,417895.5,0.0,0.0,1.0,1.0,1.0
12071001208,W1,345,68310000.0,150.8,0.979,0.9015,0.743,0.5061,0.021,0.0775,0.1585,0.237,0.5061,0.642,43855020.0,7.0,27.0,55.0,82.0,175.0
12071001208,MH,199,9850500.0,150.8,0.9942,0.9725,0.9015,0.7849,0.0058,0.0217,0.0709,0.1167,0.7849,0.8507,8379820.350000001,1.0,4.0,14.0,23.0,156.0
12071001208,M1,66,12672000.0,150.8,0.9591,0.8431,0.6482,0.3985,0.0409,0.1161,0.1949,0.2496,0.3985,0.5452,6908774.4,3.0,8.0,13.0,16.0,26.0
12071001208,C1,33,9240000.0,150.8,0.9015,0.743,0.5061,0.2546,0.0985,0.1585,0.237,0.2515,0.2546,0.4072,3762528.0,3.0,5.0,8.0,8.0,8.0
12071001208,S1,20,6820000.0,150.8,0.9015,0.743,0.5061,0.2546,0.0985,0.1585,0.237,0.2515,0.2546,0.4072,2777104.0,2.0,3.0,5.0,5.0,5.0
12071001104,W1,55,10890000.0,151.0,0.9792,0.9022,0.7443,0.5076,0.0208,0.077,0.1579,0.2367,0.5076,0.6432,7004448.0,1.0,4.0,9.0,13.0,28.0
12071001104,MH,32,1584000.0,151.0,0.9942,0.9727,0.9021,0.7858,0.0058,0.0215,0.0706,0.1163,0.7858,0.8515,1348776.0,0.0,1.0,2.0,4.0,25.0
12071001104,M1,10,1920000.0,151.0,0.9595,0.844,0.6496,0.4,0.0405,0.1155,0.1944,0.2496,0.4,0.5465,1049280.0,0.0,1.0,2.0,2.0,4.0
12071001104,C1,5,1400000.0,151.0,0.9022,0.7443,0.5076,0.2558,0.0978,0.1579,0.2367,0.2518,0.2558,0.4085,571900.0,0.0,1.0,1.0,1.0,1.0
12071001104,S1,3,1023000.0,151.0,0.9022,0.7443,0.5076,0.2558,0.0978,0.1579,0.2367,0.2518,0.2558,0.4085,417895.5,0.0,0.0,1.0,1.0,1.0
12071001203,W1,207,40986000.0,151.5,0.9797,0.9038,0.7473,0.5113,0.0203,0.0759,0.1565,0.2359,0.5113,0.6465,26497449.0,4.0,16.0,32.0,49.0,106.0
12071001203,MH,120,5940000.0,151.5,0.9943,0.9732,0.9035,0.7882,0.0057,0.0211,0.0697,0.1153,0.7882,0.8533,5068602.0,1.0,3.0,8.0,14.0,95.0
12071001203,M1,40,7680000.0,151.5,0.9603,0.8462,0.6531,0.4037,0.0397,0.114,0.1931,0.2494,0.4037,0.55,4224000.0,2.0,5.0,8.0,10.0,16.0
12071001203,C1,20,5600000.0,151.5,0.9038,0.7473,0.5113,0.2588,0.0962,0.1565,0.2359,0.2525,0.2588,0.4118,2306080.0,2.0,3.0,5.0,5.0,5.0
12071001203,S1,12,4092000.0,151.5,0.9038,0.7473,0.5113,0.2588,0.0962,0.1565,0.2359,0.2525,0.2588,0.4118,1685085.6,1.0,2.0,3.0,3.0,3.0
12071010206,W1,457,90486000.0,152.2,0.9803,0.906,0.7515,0.5166,0.0197,0.0743,0.1546,0.2349,0.5166,0.651,58906386.0,9.0,34.0,71.0,107.0,236.0
12071010206,MH,264,13068000.0,152.2,0.9945,0.9739,0.9055,0.7915,0.0055,0.0206,0.0684,0.1139,0.7915,0.8558,11183594.4,1.0,5.0,18.0,30.0,209.0
12071010206,M1,88,16896000.0,152.2,0.9614,0.8493,0.6579,0.4088,0.0386,0.1121,0.1914,0.2492,0.4088,0.5547,9372211.2,3.0,10.0,17.0,22.0,36.0
12071010206,C1,44,12320000.0,152.2,0.906,0.7515,0.5166,0.2631,0.094,0.1546,0.2349,0.2535,0.2631,0.4164,5130048.0,4.0,7.0,10.0,11.0,12.0
12071010206,S1,26,8866000.0,152.2,0.906,0.7515,0.5166,0.2631,0.094,0.1546,0.2349,0.2535,0.2631,0.4164,3691802.4,2.0,4.0,6.0,7.0,7.0
12071001918,W1,81,16038000.0,149.7,0.9779,0.8978,0.7363,0.4977,0.0221,0.0801,0.1616,0.2385,0.4977,0.6347,10179318.600000001,2.0,6.0,13.0,19.0,40.0
12071001918,MH,46,2277000.0,149.7,0.9938,0.9713,0.8983,0.7795,0.0062,0.0225,0.073,0.1189,0.7795,0.8466,1927708.2,0.0,1.0,3.0,5.0,36.0
12071001918,M1,16,3072000.0,149.7,0.9573,0.838,0.6404,0.3905,0.0427,0.1193,0.1976,0.2499,0.3905,0.5376,1651507.2,1.0,2.0,3.0,4.0,6.0
12071001918,C1,8,2240000.0,149.7,0.8978,0.7363,0.4977,0.2479,0.1022,0.1616,0.2385,0.2498,0.2479,0.3999,895776.0,1.0,1.0,2.0,2.0,2.0
12071001918,S1,5,1705000.0,149.7,0.8978,0.7363,0.4977,0.2479,0.1022,0.1616,0.2385,0.2498,0.2479,0.3999,681829.5,1.0,1.0,1.0,1.0,1.0
12071010205,W1,344,68112000.0,152.8,0.9808,0.9079,0.755,0.5211,0.0192,0.0729,0.1529,0.234,0.5211,0.6548,44599737.6,7.0,25.0,53.0,80.0,179.0
12071010205,MH,198,9801000.0,152.8,0.9947,0.9745,0.9071,0.7944,0.0053,0.0202,0.0674,0.1128,0.7944,0.8579,8408277.9,1.0,4.0,13.0,22.0,157.0
12071010205,M1,66,12672000.0,152.8,0.9623,0.8519,0.6621,0.4131,0.0377,0.1104,0.1899,0.2489,0.4131,0.5588,7081113.6,2.0,7.0,13.0,16.0,27.0
12071010205,C1,33,9240000.0,152.8,0.9079,0.755,0.5211,0.2668,0.0921,0.1529,0.234,0.2543,0.2668,0.4204,3884496.0,3.0,5.0,8.0,8.0,9.0
12071010205,S1,20,6820000.0,152.8,0.9079,0.755,0.5211,0.2668,0.0921,0.1529,0.234,0.2543,0.2668,0.4204,2867128.0,2.0,3.0,5.0,5.0,5.0
12071000303,W1,328,64944000.0,152.2,0.9803,0.906,0.7515,0.5166,0.0197,0.0743,0.1546,0.2349,0.5166,0.651,42278544.0,6.0,24.0,51.0,77.0,169.0
12071000303,MH,189,9355500.0,152.2,0.9945,0.9739,0.9055,0.7915,0.0055,0.0206,0.0684,0.1139,0.7915,0.8558,8006436.9,1.0,4.0,13.0,22.0,150.0
12071000303,M1,63,12096000.0,152.2,0.9614,0.8493,0.6579,0.4088,0.0386,0.1121,0.1914,0.2492,0.4088,0.5547,6709651.199999999,2.0,7.0,12.0,16.0,26.0
12071000303,C1,32,8960000.0,152.2,0.906,0.7515,0.5166,0.2631,0.094,0.1546,0.2349,0.2535,0.2631,0.4164,3730944.0,3.0,5.0,8.0,8.0,8.0
12071000303,S1,19,6479000.0,152.2,0.906,0.7515,0.5166,0.2631,0.094,0.1546,0.2349,0.2535,0.2631,0.4164,2697855.6,2.0,3.0,4.0,5.0,5.0
12071000305,W1,74,14652000.0,152.0,0.9801,0.9054,0.7503,0.5151,0.0199,0.0747,0.1551,0.2352,0.5151,0.6497,9519404.4,1.0,6.0,11.0,17.0,38.0
12071000305,MH,43,2128500.0,152.0,0.9945,0.9737,0.9049,0.7906,0.0055,0.0208,0.0688,0.1143,0.7906,0.8551,1820080.3499999999,0.0,1.0,3.0,5.0,34.0
12071000305,M1,14,2688000.0,152.0,0.9611,0.8485,0.6566,0.4073,0.0389,0.1126,0.1919,0.2492,0.4073,0.5534,1487539.2,1.0,2.0,3.0,3.0,6.0
12071000305,C1,7,1960000.0,152.0,0.9054,0.7503,0.5151,0.2619,0.0946,0.1551,0.2352,0.2532,0.2619,0.4151,813596.0,1.0,1.0,2.0,2.0,2.0
12071000305,S1,4,1364000.0,152.0,0.9054,0.7503,0.5151,0.2619,0.0946,0.1551,0.2352,0.2532,0.2619,0.4151,566196.4,0.0,1.0,1.0,1.0,1.0
12071010413,W1,159,31482000.0,151.0,0.9792,0.9022,0.7443,0.5076,0.0208,0.077,0.1579,0.2367,0.5076,0.6432,20249222.4,3.0,12.0,25.0,38.0,81.0
12071010413,MH,92,4554000.0,151.0,0.9942,0.9727,0.9021,0.7858,0.0058,0.0215,0.0706,0.1163,0.7858,0.8515,3877731.0,1.0,2.0,6.0,11.0,72.0
12071010413,M1,31,5952000.0,151.0,0.9595,0.844,0.6496,0.4,0.0405,0.1155,0.1944,0.2496,0.4,0.5465,3252768.0,1.0,4.0,6.0,8.0,12.0
12071010413,C1,15,4200000.0,151.0,0.9022,0.7443,0.5076,0.2558,0.0978,0.1579,0.2367,0.2518,0.2558,0.4085,1715700.0,1.0,2.0,4.0,4.0,4.0
12071010413,S1,9,3069000.0,151.0,0.9022,0.7443,0.5076,0.2558,0.0978,0.1579,0.2367,0.2518,0.2558,0.4085,1253686.5,1.0,1.0,2.0,2.0,2.0
12071010504,W1,55,10890000.0,150.7,0.9789,0.9012,0.7424,0.5053,0.0211,0.0777,0.1588,0.2371,0.5053,0.6413,6983757.0,1.0,4.0,9.0,13.0,28.0
12071010504,MH,32,1584000.0,150.7,0.9941,0.9724,0.9012,0.7844,0.0059,0.0218,0.0711,0.1169,0.7844,0.8504,1347033.6,0.0,1.0,2.0,4.0,25.0
12071010504,M1,11,2112000.0,150.7,0.959,0.8426,0.6475,0.3978,0.041,0.1163,0.1951,0.2497,0.3978,0.5445,1149984.0,0.0,1.0,2.0,3.0,4.0
12071010504,C1,5,1400000.0,150.7,0.9012,0.7424,0.5053,0.254,0.0988,0.1588,0.2371,0.2514,0.254,0.4065,569100.0,0.0,1.0,1.0,1.0,1.0
12071010504,S1,3,1023000.0,150.7,0.9012,0.7424,0.5053,0.254,0.0988,0.1588,0.2371,0.2514,0.254,0.4065,415849.5,0.0,0.0,1.0,1.0,1.0
12071040136,W1,198,39204000.0,143.2,0.9704,0.8734,0.6932,0.4473,0.0296,0.097,0.1802,0.2459,0.4473,0.5902,23138200.799999997,6.0,19.0,36.0,49.0,89.0
12071040136,MH,114,5643000.0,143.2,0.9916,0.9632,0.8772,0.7452,0.0084,0.0284,0.086,0.132,0.7452,0.8204,4629517.2,1.0,3.0,10.0,15.0,85.0
12071040136,M1,38,7296000.0,143.2,0.9444,0.805,0.592,0.3428,0.0556,0.1395,0.213,0.2492,0.3428,0.4915,3585984.0,2.0,5.0,8.0,9.0,13.0
12071040136,C1,19,5320000.0,143.2,0.8734,0.6932,0.4473,0.2096,0.1266,0.1802,0.2459,0.2377,0.2096,0.3566,1897111.9999999998,2.0,3.0,5.0,5.0,4.0
12071040136,S1,11,3751000.0,143.2,0.8734,0.6932,0.4473,0.2096,0.1266,0.1802,0.2459,0.2377,0.2096,0.3566,1337606.5999999999,1.0,2.0,3.0,3.0,2.0
12071010210,W1,253,50094000.0,144.5,0.9721,0.8787,0.7022,0.4575,0.0279,0.0934,0.1764,0.2447,0.4575,0.5994,30026343.6,7.0,24.0,45.0,62.0,116.0
12071010210,MH,146,7227000.0,144.5,0.9921,0.965,0.8817,0.7524,0.0079,0.0271,0.0833,0.1293,0.7524,0.8259,5968779.3,1.0,4.0,12.0,19.0,110.0
12071010210,M1,49,9408000.0,144.5,0.9472,0.812,0.602,0.3523,0.0528,0.1353,0.21,0.2497,0.3523,0.5009,4712467.2,3.0,7.0,10.0,12.0,17.0
12071010210,C1,24,6720000.0,144.5,0.8787,0.7022,0.4575,0.2171,0.1213,0.1764,0.2447,0.2404,0.2171,0.3653,2454816.0,3.0,4.0,6.0,6.0,5.0
12071010210,S1,15,5115000.0,144.5,0.8787,0.7022,0.4575,0.2171,0.1213,0.1764,0.2447,0.2404,0.2171,0.3653,1868509.5,2.0,3.0,4.0,4.0,3.0
12071010208,W1,306,60588000.0,147.7,0.9758,0.8908,0.7235,0.4824,0.0242,0.085,0.1673,0.2412,0.4824,0.6214,37649383.199999996,7.0,26.0,51.0,74.0,148.0
12071010208,MH,177,8761500.0,147.7,0.9932,0.969,0.8922,0.7694,0.0068,0.0242,0.0768,0.1229,0.7694,0.839,7350898.5,1.0,4.0,14.0,22.0,136.0
12071010208,M1,59,11328000.0,147.7,0.9537,0.8284,0.6259,0.3758,0.0463,0.1253,0.2025,0.2501,0.3758,0.5236,5931340.8,3.0,7.0,12.0,15.0,22.0
12071010208,C1,29,8120000.0,147.7,0.8908,0.7235,0.4824,0.2359,0.1092,0.1673,0.2412,0.2465,0.2359,0.3866,3139192.0,3.0,5.0,7.0,7.0,7.0
12071010208,S1,18,6138000.0,147.7,0.8908,0.7235,0.4824,0.2359,0.1092,0.1673,0.2412,0.2465,0.2359,0.3866,2372950.8,2.0,3.0,4.0,4.0,4.0
12071000306,W1,70,13860000.0,151.9,0.98,0.9051,0.7497,0.5143,0.02,0.075,0.1554,0.2353,0.5143,0.6491,8996526.0,1.0,5.0,11.0,16.0,36.0
12071000306,MH,40,1980000.0,151.9,0.9945,0.9736,0.9047,0.7901,0.0055,0.0208,0.069,0.1145,0.7901,0.8547,1692306.0,0.0,1.0,3.0,5.0,32.0
12071000306,M1,13,2496000.0,151.9,0.9609,0.848,0.6559,0.4066,0.0391,0.1129,0.1921,0.2493,0.4066,0.5527,1379539.2,1.0,1.0,2.0,3.0,5.0
12071000306,C1,7,1960000.0,151.9,0.9051,0.7497,0.5143,0.2613,0.0949,0.1554,0.2353,0.2531,0.2613,0.4144,812224.0,1.0,1.0,2.0,2.0,2.0
12071000306,S1,4,1364000.0,151.9,0.9051,0.7497,0.5143,0.2613,0.0949,0.1554,0.2353,0.2531,0.2613,0.4144,565241.6,0.0,1.0,1.0,1.0,1.0
12071040129,W1,163,32274000.0,147.2,0.9753,0.889,0.7203,0.4785,0.0247,0.0863,0.1687,0.2418,0.4785,0.618,19945332.0,4.0,14.0,27.0,39.0,78.0
12071040129,MH,94,4653000.0,147.2,0.9931,0.9684,0.8906,0.7668,0.0069,0.0246,0.0778,0.1239,0.7668,0.837,3894561.0,1.0,2.0,7.0,12.0,72.0
12071040129,M1,31,5952000.0,147.2,0.9527,0.8259,0.6223,0.3722,0.0473,0.1268,0.2037,0.2501,0.3722,0.5201,3095635.2,1.0,4.0,6.0,8.0,12.0
12071040129,C1,16,4480000.0,147.2,0.889,0.7203,0.4785,0.2329,0.111,0.1687,0.2418,0.2456,0.2329,0.3833,1717184.0,2.0,3.0,4.0,4.0,4.0
12071040129,S1,9,3069000.0,147.2,0.889,0.7203,0.4785,0.2329,0.111,0.1687,0.2418,0.2456,0.2329,0.3833,1176347.7,1.0,2.0,2.0,2.0,2.0
12071010308,W1,179,35442000.0,146.2,0.9741,0.8853,0.7137,0.4708,0.0259,0.0889,0.1716,0.2429,0.4708,0.6112,21662150.4,5.0,16.0,31.0,43.0,84.0
12071010308,MH,104,5148000.0,146.2,0.9927,0.9672,0.8874,0.7615,0.0073,0.0255,0.0798,0.1259,0.7615,0.833,4288284.0,1.0,3.0,8.0,13.0,79.0
12071010308,M1,34,6528000.0,146.2,0.9507,0.8209,0.6148,0.3648,0.0493,0.1299,0.206,0.25,0.3648,0.513,3348864.0,2.0,4.0,7.0,8.0,12.0
12071010308,C1,17,4760000.0,146.2,0.8853,0.7137,0.4708,0.227,0.1147,0.1716,0.2429,0.2438,0.227,0.3766,1792616.0,2.0,3.0,4.0,4.0,4.0
12071010308,S1,10,3410000.0,146.2,0.8853,0.7137,0.4708,0.227,0.1147,0.1716,0.2429,0.2438,0.227,0.3766,1284206.0,1.0,2.0,2.0,2.0,2.0
12071001919,W1,97,19206000.0,148.8,0.977,0.8947,0.7306,0.4908,0.023,0.0823,0.1642,0.2397,0.4908,0.6288,12076732.8,2.0,8.0,16.0,23.0,48.0
12071001919,MH,56,2772000.0,148.8,0.9936,0.9703,0.8956,0.775,0.0064,0.0233,0.0747,0.1207,0.775,0.8432,2337350.4,0.0,1.0,4.0,7.0,43.0
12071001919,M1,19,3648000.0,148.8,0.9557,0.8337,0.6339,0.3839,0.0443,0.1219,0.1998,0.25,0.3839,0.5313,1938182.4,1.0,2.0,4.0,5.0,7.0
12071001919,C1,9,2520000.0,148.8,0.8947,0.7306,0.4908,0.2425,0.1053,0.1642,0.2397,0.2484,0.2425,0.3939,992627.9999999999,1.0,1.0,2.0,2.0,2.0
12071001919,S1,6,2046000.0,148.8,0.8947,0.7306,0.4908,0.2425,0.1053,0.1642,0.2397,0.2484,0.2425,0.3939,805919.3999999999,1.0,1.0,1.0,1.0,1.0
12071001923,W1,205,40590000.0,151.2,0.9794,0.9028,0.7455,0.5091,0.0206,0.0766,0.1574,0.2364,0.5091,0.6445,26160255.0,4.0,16.0,32.0,48.0,104.0
12071001923,MH,118,5841000.0,151.2,0.9943,0.9729,0.9027,0.7868,0.0057,0.0214,0.0702,0.1159,0.7868,0.8522,4977700.2,1.0,3.0,8.0,14.0,93.0
12071001923,M1,40,7680000.0,151.2,0.9598,0.8449,0.651,0.4015,0.0402,0.1149,0.1939,0.2495,0.4015,0.5479,4207872.0,2.0,5.0,8.0,10.0,16.0
12071001923,C1,20,5600000.0,151.2,0.9028,0.7455,0.5091,0.257,0.0972,0.1574,0.2364,0.2521,0.257,0.4098,2294880.0,2.0,3.0,5.0,5.0,5.0
12071001923,S1,12,4092000.0,151.2,0.9028,0.7455,0.5091,0.257,0.0972,0.1574,0.2364,0.2521,0.257,0.4098,1676901.6,1.0,2.0,3.0,3.0,3.0
12071001002,W1,86,17028000.0,149.7,0.9779,0.8978,0.7363,0.4977,0.0221,0.0801,0.1616,0.2385,0.4977,0.6347,10807671.600000001,2.0,7.0,14.0,21.0,43.0
12071001002,MH,50,2475000.0,149.7,0.9938,0.9713,0.8983,0.7795,0.0062,0.0225,0.073,0.1189,0.7795,0.8466,2095335.0,0.0,1.0,4.0,6.0,39.0
12071001002,M1,16,3072000.0,149.7,0.9573,0.838,0.6404,0.3905,0.0427,0.1193,0.1976,0.2499,0.3905,0.5376,1651507.2,1.0,2.0,3.0,4.0,6.0
12071001002,C1,8,2240000.0,149.7,0.8978,0.7363,0.4977,0.2479,0.1022,0.1616,0.2385,0.2498,0.2479,0.3999,895776.0,1.0,1.0,2.0,2.0,2.0
12071001002,S1,5,1705000.0,149.7,0.8978,0.7363,0.4977,0.2479,0.1022,0.1616,0.2385,0.2498,0.2479,0.3999,681829.5,1.0,1.0,1.0,1.0,1.0
12071020802,W1,168,33264000.0,145.5,0.9733,0.8826,0.709,0.4653,0.0267,0.0907,0.1736,0.2437,0.4653,0.6063,20167963.2,4.0,15.0,29.0,41.0,78.0
12071020802,MH,97,4801500.0,145.5,0.9925,0.9663,0.8851,0.7578,0.0075,0.0262,0.0812,0.1273,0.7578,0.8301,3985725.15,1.0,3.0,8.0,12.0,74.0
12071020802,M1,32,6144000.0,145.5,0.9493,0.8173,0.6096,0.3597,0.0507,0.1321,0.2077,0.2499,0.3597,0.508,3121152.0,2.0,4.0,7.0,8.0,12.0
12071020802,C1,16,4480000.0,145.5,0.8826,0.709,0.4653,0.2229,0.1174,0.1736,0.2437,0.2424,0.2229,0.372,1666560.0,2.0,3.0,4.0,4.0,4.0
12071020802,S1,10,3410000.0,145.5,0.8826,0.709,0.4653,0.2229,0.1174,0.1736,0.2437,0.2424,0.2229,0.372,1268520.0,1.0,2.0,2.0,2.0,2.0
12071050316,W1,311,61578000.0,135.5,0.958,0.8376,0.6357,0.3857,0.042,0.1204,0.2019,0.25,0.3857,0.5333,32839547.4,13.0,37.0,63.0,78.0,120.0
12071050316,MH,180,8910000.0,135.5,0.9879,0.9507,0.8468,0.6989,0.0121,0.0373,0.1038,0.1479,0.6989,0.784,6985440.0,2.0,7.0,19.0,27.0,126.0
12071050316,M1,60,11520000.0,135.5,0.9244,0.7585,0.5298,0.2868,0.0756,0.1658,0.2287,0.243,0.2868,0.4345,5005440.0,5.0,10.0,14.0,15.0,17.0
12071050316,C1,30,8400000.0,135.5,0.8376,0.6357,0.3857,0.1671,0.1624,0.2019,0.25,0.2187,0.1671,0.3054,2565360.0,5.0,6.0,8.0,7.0,5.0
12071050316,S1,18,6138000.0,135.5,0.8376,0.6357,0.3857,0.1671,0.1624,0.2019,0.25,0.2187,0.1671,0.3054,1874545.2,3.0,4.0,4.0,4.0,3.0
12071040137,W1,270,53460000.0,143.2,0.9704,0.8734,0.6932,0.4473,0.0296,0.097,0.1802,0.2459,0.4473,0.5902,31552091.999999996,8.0,26.0,49.0,66.0,121.0
12071040137,MH,156,7722000.0,143.2,0.9916,0.9632,0.8772,0.7452,0.0084,0.0284,0.086,0.132,0.7452,0.8204,6335128.8,1.0,4.0,13.0,21.0,116.0
12071040137,M1,52,9984000.0,143.2,0.9444,0.805,0.592,0.3428,0.0556,0.1395,0.213,0.2492,0.3428,0.4915,4907136.0,3.0,7.0,11.0,13.0,18.0
12071040137,C1,26,7280000.0,143.2,0.8734,0.6932,0.4473,0.2096,0.1266,0.1802,0.2459,0.2377,0.2096,0.3566,2596048.0,3.0,5.0,6.0,6.0,5.0
12071040137,S1,16,5456000.0,143.2,0.8734,0.6932,0.4473,0.2096,0.1266,0.1802,0.2459,0.2377,0.2096,0.3566,1945609.5999999999,2.0,3.0,4.0,4.0,3.0
12071040132,W1,140,27720000.0,149.6,0.9778,0.8975,0.7356,0.497,0.0222,0.0803,0.1619,0.2387,0.497,0.6341,17577252.0,3.0,11.0,23.0,33.0,70.0
12071040132,MH,81,4009500.0,149.6,0.9938,0.9712,0.898,0.779,0.0062,0.0226,0.0732,0.1191,0.779,0.8463,3393239.85,1.0,2.0,6.0,10.0,63.0
12071040132,M1,27,5184000.0,149.6,0.9571,0.8375,0.6397,0.3898,0.0429,0.1196,0.1978,0.2499,0.3898,0.5369,2783289.6,1.0,3.0,5.0,7.0,11.0
12071040132,C1,13,3640000.0,149.6,0.8975,0.7356,0.497,0.2473,0.1025,0.1619,0.2387,0.2497,0.2473,0.3992,1453088.0,1.0,2.0,3.0,3.0,3.0
12071040132,S1,8,2728000.0,149.6,0.8975,0.7356,0.497,0.2473,0.1025,0.1619,0.2387,0.2497,0.2473,0.3992,1089017.6,1.0,1.0,2.0,2.0,2.0
12071001916,W1,144,28512000.0,148.2,0.9764,0.8926,0.7268,0.4862,0.0236,0.0838,0.1659,0.2405,0.4862,0.6248,17814297.6,3.0,12.0,24.0,35.0,70.0
12071001916,MH,83,4108500.0,148.2,0.9934,0.9696,0.8938,0.7719,0.0066,0.0238,0.0758,0.1219,0.7719,0.8409,3454837.65,1.0,2.0,6.0,10.0,64.0
12071001916,M1,28,5376000.0,148.2,0.9546,0.8308,0.6296,0.3795,0.0454,0.1237,0.2013,0.2501,0.3795,0.5271,2833689.6,1.0,3.0,6.0,7.0,11.0
12071001916,C1,14,3920000.0,148.2,0.8926,0.7268,0.4862,0.2389,0.1074,0.1659,0.2405,0.2474,0.2389,0.3899,1528408.0,2.0,2.0,3.0,3.0,3.0
12071001916,S1,8,2728000.0,148.2,0.8926,0.7268,0.4862,0.2389,0.1074,0.1659,0.2405,0.2474,0.2389,0.3899,1063647.2,1.0,1.0,2.0,2.0,2.0
12071050323,W1,90,17820000.0,114.7,0.8947,0.6944,0.4487,0.2217,0.1053,0.2003,0.2458,0.227,0.2217,0.3637,6481134.0,9.0,18.0,22.0,20.0,20.0
12071050323,MH,52,2574000.0,114.7,0.9669,0.8915,0.7278,0.5417,0.0331,0.0754,0.1637,0.1862,0.5417,0.6526,1679792.4,2.0,4.0,9.0,10.0,28.0
12071050323,M1,17,3264000.0,114.7,0.8312,0.5892,0.3441,0.1494,0.1688,0.242,0.2451,0.1947,0.1494,0.2761,901190.4,3.0,4.0,4.0,3.0,3.0
12071050323,C1,9,2520000.0,114.7,0.6944,0.4487,0.2217,0.0746,0.3056,0.2458,0.227,0.147,0.0746,0.1758,443016.00000000006,3.0,2.0,2.0,1.0,1.0
12071050323,S1,5,1705000.0,114.7,0.6944,0.4487,0.2217,0.0746,0.3056,0.2458,0.227,0.147,0.0746,0.1758,299739.0,2.0,1.0,1.0,1.0,0.0
12071020104,W1,301,59598000.0,147.6,0.9757,0.8905,0.7229,0.4816,0.0243,0.0853,0.1676,0.2413,0.4816,0.6207,36992478.6,7.0,26.0,50.0,73.0,145.0
12071020104,MH,174,8613000.0,147.6,0.9932,0.9689,0.8919,0.7688,0.0068,0.0243,0.077,0.1231,0.7688,0.8386,7222861.8,1.0,4.0,13.0,21.0,134.0
12071020104,M1,58,11136000.0,147.6,0.9535,0.8279,0.6252,0.3751,0.0465,0.1256,0.2027,0.2501,0.3751,0.5229,5823014.4,3.0,7.0,12.0,15.0,22.0
12071020104,C1,29,8120000.0,147.6,0.8905,0.7229,0.4816,0.2353,0.1095,0.1676,0.2413,0.2463,0.2353,0.3859,3133508.0,3.0,5.0,7.0,7.0,7.0
12071020104,S1,17,5797000.0,147.6,0.8905,0.7229,0.4816,0.2353,0.1095,0.1676,0.2413,0.2463,0.2353,0.3859,2237062.3000000003,2.0,3.0,4.0,4.0,4.0
12071040208,W1,841,166518000.0,143.9,0.9713,0.8763,0.6981,0.4528,0.0287,0.095,0.1782,0.2453,0.4528,0.5952,99111513.6,24.0,80.0,150.0,206.0,381.0
12071040208,MH,485,24007500.0,143.9,0.9919,0.9642,0.8797,0.7491,0.0081,0.0277,0.0845,0.1306,0.7491,0.8234,19767775.5,4.0,13.0,41.0,63.0,363.0
12071040208,M1,162,31104000.0,143.9,0.946,0.8088,0.5974,0.3479,0.054,0.1372,0.2114,0.2495,0.3479,0.4965,15443136.0,9.0,22.0,34.0,40.0,56.0
12071040208,C1,81,22680000.0,143.9,0.8763,0.6981,0.4528,0.2136,0.1237,0.1782,0.2453,0.2392,0.2136,0.3613,8194284.0,10.0,14.0,20.0,19.0,17.0
12071040208,S1,49,16709000.0,143.9,0.8763,0.6981,0.4528,0.2136,0.1237,0.1782,0.2453,0.2392,0.2136,0.3613,6036961.7,6.0,9.0,12.0,12.0,10.0
12071050208,W1,158,31284000.0,144.6,0.9722,0.8791,0.7029,0.4583,0.0278,0.0931,0.1762,0.2446,0.4583,0.6001,18773528.4,4.0,15.0,28.0,39.0,72.0
12071050208,MH,91,4504500.0,144.6,0.9922,0.9651,0.8821,0.7529,0.0078,0.027,0.0831,0.1291,0.7529,0.8263,3722068.35,1.0,2.0,8.0,12.0,69.0
12071050208,M1,30,5760000.0,144.6,0.9475,0.8125,0.6028,0.3531,0.0525,0.1349,0.2098,0.2497,0.3531,0.5016,2889216.0000000005,2.0,4.0,6.0,7.0,11.0
12071050208,C1,15,4200000.0,144.6,0.8791,0.7029,0.4583,0.2177,0.1209,0.1762,0.2446,0.2406,0.2177,0.366,1537200.0,2.0,3.0,4.0,4.0,3.0
12071050208,S1,9,3069000.0,144.6,0.8791,0.7029,0.4583,0.2177,0.1209,0.1762,0.2446,0.2406,0.2177,0.366,1123254.0,1.0,2.0,2.0,2.0,2.0
12071000504,W1,290,57420000.0,151.9,0.98,0.9051,0.7497,0.5143,0.02,0.075,0.1554,0.2353,0.5143,0.6491,37271322.0,6.0,22.0,45.0,68.0,149.0
12071000504,MH,167,8266500.0,151.9,0.9945,0.9736,0.9047,0.7901,0.0055,0.0208,0.069,0.1145,0.7901,0.8547,7065377.55,1.0,3.0,12.0,19.0,132.0
12071000504,M1,56,10752000.0,151.9,0.9609,0.848,0.6559,0.4066,0.0391,0.1129,0.1921,0.2493,0.4066,0.5527,5942630.399999999,2.0,6.0,11.0,14.0,23.0
12071000504,C1,28,7840000.0,151.9,0.9051,0.7497,0.5143,0.2613,0.0949,0.1554,0.2353,0.2531,0.2613,0.4144,3248896.0,3.0,4.0,7.0,7.0,7.0
12071000504,S1,17,5797000.0,151.9,0.9051,0.7497,0.5143,0.2613,0.0949,0.1554,0.2353,0.2531,0.2613,0.4144,2402276.8,2.0,3.0,4.0,4.0,4.0
12071010602,W1,100,19800000.0,150.3,0.9785,0.8999,0.74,0.5023,0.0215,0.0787,0.1599,0.2377,0.5023,0.6387,12646260.0,2.0,8.0,16.0,24.0,50.0
12071010602,MH,58,2871000.0,150.3,0.994,0.972,0.9001,0.7824,0.006,0.0221,0.0719,0.1177,0.7824,0.8489,2437191.9,0.0,1.0,4.0,7.0,45.0
12071010602,M1,19,3648000.0,150.3,0.9583,0.8408,0.6447,0.3949,0.0417,0.1175,0.1961,0.2498,0.3949,0.5417,1976121.5999999999,1.0,2.0,4.0,5.0,8.0
12071010602,C1,10,2800000.0,150.3,0.8999,0.74,0.5023,0.2515,0.1001,0.1599,0.2377,0.2507,0.2515,0.4039,1130920.0,1.0,2.0,2.0,3.0,3.0
12071010602,S1,6,2046000.0,150.3,0.8999,0.74,0.5023,0.2515,0.1001,0.1599,0.2377,0.2507,0.2515,0.4039,826379.3999999999,1.0,1.0,1.0,2.0,2.0
12071010801,W1,239,47322000.0,151.8,0.98,0.9048,0.7491,0.5136,0.02,0.0752,0.1557,0.2355,0.5136,0.6484,30683584.799999997,5.0,18.0,37.0,56.0,123.0
12071010801,MH,138,6831000.0,151.8,0.9944,0.9735,0.9044,0.7897,0.0056,0.0209,0.0691,0.1147,0.7897,0.8543,5835723.3,1.0,3.0,10.0,16.0,109.0
12071010801,M1,46,8832000.0,151.8,0.9608,0.8476,0.6552,0.4059,0.0392,0.1132,0.1924,0.2493,0.4059,0.552,4875264.0,2.0,5.0,9.0,11.0,19.0
12071010801,C1,23,6440000.0,151.8,0.9048,0.7491,0.5136,0.2607,0.0952,0.1557,0.2355,0.2529,0.2607,0.4138,2664872.0,2.0,4.0,5.0,6.0,6.0
12071010801,S1,14,4774000.0,151.8,0.9048,0.7491,0.5136,0.2607,0.0952,0.1557,0.2355,0.2529,0.2607,0.4138,1975481.2,1.0,2.0,3.0,4.0,4.0
12071010802,W1,167,33066000.0,150.3,0.9785,0.8999,0.74,0.5023,0.0215,0.0787,0.1599,0.2377,0.5023,0.6387,21119254.200000003,4.0,13.0,27.0,40.0,84.0
12071010802,MH,97,4801500.0,150.3,0.994,0.972,0.9001,0.7824,0.006,0.0221,0.0719,0.1177,0.7824,0.8489,4075993.35,1.0,2.0,7.0,11.0,76.0
12071010802,M1,32,6144000.0,150.3,0.9583,0.8408,0.6447,0.3949,0.0417,0.1175,0.1961,0.2498,0.3949,0.5417,3328204.8,1.0,4.0,6.0,8.0,13.0
12071010802,C1,16,4480000.0,150.3,0.8999,0.74,0.5023,0.2515,0.1001,0.1599,0.2377,0.2507,0.2515,0.4039,1809472.0,2.0,3.0,4.0,4.0,4.0
12071010802,S1,10,3410000.0,150.3,0.8999,0.74,0.5023,0.2515,0.1001,0.1599,0.2377,0.2507,0.2515,0.4039,1377299.0,1.0,2.0,2.0,3.0,3.0
12071010803,W1,299,59202000.0,149.8,0.978,0.8982,0.7369,0.4985,0.022,0.0799,0.1613,0.2384,0.4985,0.6354,37616950.8,7.0,24.0,48.0,71.0,149.0
12071010803,MH,172,8514000.0,149.8,0.9939,0.9714,0.8986,0.78,0.0061,0.0225,0.0728,0.1187,0.78,0.847,7211358.0,1.0,4.0,13.0,20.0,134.0
12071010803,M1,58,11136000.0,149.8,0.9574,0.8385,0.6411,0.3912,0.0426,0.119,0.1974,0.2499,0.3912,0.5383,5994508.8,2.0,7.0,11.0,14.0,23.0
12071010803,C1,29,8120000.0,149.8,0.8982,0.7369,0.4985,0.2485,0.1018,0.1613,0.2384,0.25,0.2485,0.4006,3252872.0,3.0,5.0,7.0,7.0,7.0
12071010803,S1,17,5797000.0,149.8,0.8982,0.7369,0.4985,0.2485,0.1018,0.1613,0.2384,0.25,0.2485,0.4006,2322278.2,2.0,3.0,4.0,4.0,4.0
12071010104,W1,140,27720000.0,156.2,0.9836,0.9179,0.7744,0.5461,0.0164,0.0657,0.1435,0.2283,0.5461,0.6759,18735948.0,2.0,9.0,20.0,32.0,76.0
12071010104,MH,81,4009500.0,156.2,0.9955,0.9776,0.9159,0.8097,0.0045,0.0179,0.0617,0.1063,0.8097,0.8693,3485458.3499999996,0.0,1.0,5.0,9.0,66.0
12071010104,M1,27,5184000.0,156.2,0.9672,0.866,0.6847,0.4378,0.0328,0.1012,0.1813,0.2469,0.4378,0.5814,3013977.6,1.0,3.0,5.0,7.0,12.0
12071010104,C1,14,3920000.0,156.2,0.9179,0.7744,0.5461,0.2878,0.0821,0.1435,0.2283,0.2582,0.2878,0.4427,1735384.0,1.0,2.0,3.0,4.0,4.0
12071010104,S1,8,2728000.0,156.2,0.9179,0.7744,0.5461,0.2878,0.0821,0.1435,0.2283,0.2582,0.2878,0.4427,1207685.5999999999,1.0,1.0,2.0,2.0,2.0
12071001300,W1,247,48906000.0,150.9,0.9791,0.9019,0.7437,0.5068,0.0209,0.0773,0.1582,0.2368,0.5068,0.6426,31426995.599999998,5.0,19.0,39.0,58.0,125.0
12071001300,MH,142,7029000.0,150.9,0.9942,0.9726,0.9018,0.7853,0.0058,0.0216,0.0708,0.1165,0.7853,0.8511,5982381.899999999,1.0,3.0,10.0,17.0,112.0
12071001300,M1,48,9216000.0,150.9,0.9593,0.8435,0.6489,0.3993,0.0407,0.1158,0.1946,0.2496,0.3993,0.5459,5031014.4,2.0,6.0,9.0,12.0,19.0
12071001300,C1,24,6720000.0,150.9,0.9019,0.7437,0.5068,0.2552,0.0981,0.1582,0.2368,0.2516,0.2552,0.4078,2740416.0,2.0,4.0,6.0,6.0,6.0
12071001300,S1,14,4774000.0,150.9,0.9019,0.7437,0.5068,0.2552,0.0981,0.1582,0.2368,0.2516,0.2552,0.4078,1946837.2,1.0,2.0,3.0,4.0,4.0
12071001501,W1,98,19404000.0,149.2,0.9774,0.8961,0.7331,0.4939,0.0226,0.0813,0.163,0.2392,0.4939,0.6314,12251685.6,2.0,8.0,16.0,23.0,48.0
12071001501,MH,56,2772000.0,149.2,0.9937,0.9708,0.8968,0.777,0.0063,0.0229,0.0739,0.1199,0.777,0.8448,2341785.6,0.0,1.0,4.0,7.0,44.0
12071001501,M1,19,3648000.0,149.2,0.9564,0.8356,0.6368,0.3868,0.0436,0.1207,0.1988,0.25,0.3868,0.5341,1948396.8,1.0,2.0,4.0,5.0,7.0
12071001501,C1,9,2520000.0,149.2,0.8961,0.7331,0.4939,0.2449,0.1039,0.163,0.2392,0.249,0.2449,0.3966,999432.0,1.0,1.0,2.0,2.0,2.0
12071001501,S1,6,2046000.0,149.2,0.8961,0.7331,0.4939,0.2449,0.1039,0.163,0.2392,0.249,0.2449,0.3966,811443.6,1.0,1.0,1.0,1.0,1.0
12071001601,W1,137,27126000.0,150.6,0.9788,0.9009,0.7418,0.5046,0.0212,0.078,0.1591,0.2373,0.5046,0.6406,17376915.599999998,3.0,11.0,22.0,33.0,69.0
12071001601,MH,79,3910500.0,150.6,0.9941,0.9723,0.901,0.7839,0.0059,0.0218,0.0713,0.1171,0.7839,0.85,3323925.0,0.0,2.0,6.0,9.0,62.0
12071001601,M1,26,4992000.0,150.6,0.9588,0.8422,0.6468,0.3971,0.0412,0.1166,0.1954,0.2497,0.3971,0.5438,2714649.5999999996,1.0,3.0,5.0,6.0,10.0
12071001601,C1,13,3640000.0,150.6,0.9009,0.7418,0.5046,0.2533,0.0991,0.1591,0.2373,0.2512,0.2533,0.4059,1477476.0,1.0,2.0,3.0,3.0,3.0
12071001601,S1,8,2728000.0,150.6,0.9009,0.7418,0.5046,0.2533,0.0991,0.1591,0.2373,0.2512,0.2533,0.4059,1107295.2,1.0,1.0,2.0,2.0,2.0
12071001602,W1,217,42966000.0,150.1,0.9783,0.8992,0.7387,0.5008,0.0217,0.0791,0.1605,0.238,0.5008,0.6374,27386528.4,5.0,17.0,35.0,52.0,109.0
12071001602,MH,125,6187500.0,150.1,0.994,0.9717,0.8995,0.7814,0.006,0.0222,0.0722,0.1181,0.7814,0.8481,5247618.75,1.0,3.0,9.0,15.0,98.0
12071001602,M1,42,8064000.0,150.1,0.958,0.8399,0.6432,0.3934,0.042,0.1181,0.1966,0.2498,0.3934,0.5404,4357785.6,2.0,5.0,8.0,10.0,17.0
12071001602,C1,21,5880000.0,150.1,0.8992,0.7387,0.5008,0.2503,0.1008,0.1605,0.238,0.2504,0.2503,0.4025,2366700.0,2.0,3.0,5.0,5.0,5.0
12071001602,S1,13,4433000.0,150.1,0.8992,0.7387,0.5008,0.2503,0.1008,0.1605,0.238,0.2504,0.2503,0.4025,1784282.5,1.0,2.0,3.0,3.0,3.0
12071001701,W1,134,26532000.0,149.2,0.9774,0.8961,0.7331,0.4939,0.0226,0.0813,0.163,0.2392,0.4939,0.6314,16752304.799999999,3.0,11.0,22.0,32.0,66.0
12071001701,MH,77,3811500.0,149.2,0.9937,0.9708,0.8968,0.777,0.0063,0.0229,0.0739,0.1199,0.777,0.8448,3219955.2,0.0,2.0,6.0,9.0,60.0
12071001701,M1,26,4992000.0,149.2,0.9564,0.8356,0.6368,0.3868,0.0436,0.1207,0.1988,0.25,0.3868,0.5341,2666227.2,1.0,3.0,5.0,6.0,10.0
12071001701,C1,13,3640000.0,149.2,0.8961,0.7331,0.4939,0.2449,0.1039,0.163,0.2392,0.249,0.2449,0.3966,1443624.0,1.0,2.0,3.0,3.0,3.0
12071001701,S1,8,2728000.0,149.2,0.8961,0.7331,0.4939,0.2449,0.1039,0.163,0.2392,0.249,0.2449,0.3966,1081924.8,1.0,1.0,2.0,2.0,2.0
12071020102,W1,274,54252000.0,149.6,0.9778,0.8975,0.7356,0.497,0.0222,0.0803,0.1619,0.2387,0.497,0.6341,34401193.2,6.0,22.0,44.0,65.0,136.0
12071020102,MH,158,7821000.0,149.6,0.9938,0.9712,0.898,0.779,0.0062,0.0226,0.0732,0.1191,0.779,0.8463,6618912.300000001,1.0,4.0,12.0,19.0,123.0
12071020102,M1,53,10176000.0,149.6,0.9571,0.8375,0.6397,0.3898,0.0429,0.1196,0.1978,0.2499,0.3898,0.5369,5463494.4,2.0,6.0,10.0,13.0,21.0
12071020102,C1,26,7280000.0,149.6,0.8975,0.7356,0.497,0.2473,0.1025,0.1619,0.2387,0.2497,0.2473,0.3992,2906176.0,3.0,4.0,6.0,6.0,6.0
12071020102,S1,16,5456000.0,149.6,0.8975,0.7356,0.497,0.2473,0.1025,0.1619,0.2387,0.2497,0.2473,0.3992,2178035.2,2.0,3.0,4.0,4.0,4.0
12071010306,W1,243,48114000.0,151.0,0.9792,0.9022,0.7443,0.5076,0.0208,0.077,0.1579,0.2367,0.5076,0.6432,30946924.8,5.0,19.0,38.0,58.0,123.0
12071010306,MH,140,6930000.0,151.0,0.9942,0.9727,0.9021,0.7858,0.0058,0.0215,0.0706,0.1163,0.7858,0.8515,5900895.0,1.0,3.0,10.0,16.0,110.0
12071010306,M1,47,9024000.0,151.0,0.9595,0.844,0.6496,0.4,0.0405,0.1155,0.1944,0.2496,0.4,0.5465,4931616.0,2.0,5.0,9.0,12.0,19.0
12071010306,C1,23,6440000.0,151.0,0.9022,0.7443,0.5076,0.2558,0.0978,0.1579,0.2367,0.2518,0.2558,0.4085,2630740.0,2.0,4.0,5.0,6.0,6.0
12071010306,S1,14,4774000.0,151.0,0.9022,0.7443,0.5076,0.2558,0.0978,0.1579,0.2367,0.2518,0.2558,0.4085,1950178.9999999998,1.0,2.0,3.0,4.0,4.0
12071030300,W1,3614,715572000.0,144.4,0.9719,0.8783,0.7015,0.4567,0.0281,0.0937,0.1767,0.2448,0.4567,0.5987,428412956.40000004,102.0,339.0,639.0,885.0,1651.0
12071030300,MH,2085,103207500.0,144.4,0.9921,0.9649,0.8814,0.7518,0.0079,0.0272,0.0835,0.1296,0.7518,0.8255,85197791.25,16.0,57.0,174.0,270.0,1568.0
12071030300,M1,695,133440000.0,144.4,0.947,0.8115,0.6012,0.3516,0.053,0.1356,0.2102,0.2496,0.3516,0.5001,66733344.0,37.0,94.0,146.0,173.0,244.0
12071030300,C1,348,97440000.0,144.4,0.8783,0.7015,0.4567,0.2165,0.1217,0.1767,0.2448,0.2402,0.2165,0.3646,35526624.0,42.0,61.0,85.0,84.0,75.0
12071030300,S1,208,70928000.0,144.4,0.8783,0.7015,0.4567,0.2165,0.1217,0.1767,0.2448,0.2402,0.2165,0.3646,25860348.799999997,25.0,37.0,51.0,50.0,45.0
12071000401,W1,194,38412000.0,151.4,0.9796,0.9035,0.7467,0.5106,0.0204,0.0761,0.1568,0.2361,0.5106,0.6458,24806469.6,4.0,15.0,30.0,46.0,99.0
12071000401,MH,112,5544000.0,151.4,0.9943,0.9731,0.9032,0.7877,0.0057,0.0212,0.0699,0.1155,0.7877,0.8529,4728477.6,1.0,2.0,8.0,13.0,88.0
12071000401,M1,37,7104000.0,151.4,0.9601,0.8458,0.6524,0.4029,0.0399,0.1143,0.1934,0.2495,0.4029,0.5493,3902227.2,1.0,4.0,7.0,9.0,15.0
12071000401,C1,19,5320000.0,151.4,0.9035,0.7467,0.5106,0.2582,0.0965,0.1568,0.2361,0.2524,0.2582,0.4111,2187052.0,2.0,3.0,4.0,5.0,5.0
12071000401,S1,11,3751000.0,151.4,0.9035,0.7467,0.5106,0.2582,0.0965,0.1568,0.2361,0.2524,0.2582,0.4111,1542036.1,1.0,2.0,3.0,3.0,3.0
12071020400,W1,541,107118000.0,152.4,0.9805,0.9067,0.7527,0.5181,0.0195,0.0738,0.154,0.2346,0.5181,0.6523,69873071.4,11.0,40.0,83.0,127.0,280.0
12071020400,MH,312,15444000.0,152.4,0.9946,0.9741,0.906,0.7925,0.0054,0.0205,0.0681,0.1136,0.7925,0.8565,13227786.0,2.0,6.0,21.0,35.0,247.0
12071020400,M1,104,19968000.0,152.4,0.9617,0.8502,0.6593,0.4102,0.0383,0.1115,0.1909,0.2491,0.4102,0.5561,11104204.8,4.0,12.0,20.0,26.0,43.0
12071020400,C1,52,14560000.0,152.4,0.9067,0.7527,0.5181,0.2643,0.0933,0.154,0.2346,0.2538,0.2643,0.4177,6081712.0,5.0,8.0,12.0,13.0,14.0
12071020400,S1,31,10571000.0,152.4,0.9067,0.7527,0.5181,0.2643,0.0933,0.154,0.2346,0.2538,0.2643,0.4177,4415506.7,3.0,5.0,7.0,8.0,8.0
12071020501,W1,118,23364000.0,149.2,0.9774,0.8961,0.7331,0.4939,0.0226,0.0813,0.163,0.2392,0.4939,0.6314,14752029.6,3.0,10.0,19.0,28.0,58.0
12071020501,MH,68,3366000.0,149.2,0.9937,0.9708,0.8968,0.777,0.0063,0.0229,0.0739,0.1199,0.777,0.8448,2843596.8,0.0,2.0,5.0,8.0,53.0
12071020501,M1,23,4416000.0,149.2,0.9564,0.8356,0.6368,0.3868,0.0436,0.1207,0.1988,0.25,0.3868,0.5341,2358585.6,1.0,3.0,5.0,6.0,9.0
12071020501,C1,11,3080000.0,149.2,0.8961,0.7331,0.4939,0.2449,0.1039,0.163,0.2392,0.249,0.2449,0.3966,1221528.0,1.0,2.0,3.0,3.0,3.0
12071020501,S1,7,2387000.0,149.2,0.8961,0.7331,0.4939,0.2449,0.1039,0.163,0.2392,0.249,0.2449,0.3966,946684.2000000001,1.0,1.0,2.0,2.0,2.0
12071020502,W1,223,44154000.0,151.3,0.9795,0.9032,0.7461,0.5098,0.0205,0.0763,0.1571,0.2362,0.5098,0.6452,28488160.8,5.0,17.0,35.0,53.0,114.0
12071020502,MH,129,6385500.0,151.3,0.9943,0.973,0.903,0.7873,0.0057,0.0213,0.07,0.1157,0.7873,0.8525,5443638.75,1.0,3.0,9.0,15.0,102.0
12071020502,M1,43,8256000.0,151.3,0.96,0.8453,0.6517,0.4022,0.04,0.1146,0.1936,0.2495,0.4022,0.5486,4529241.6,2.0,5.0,8.0,11.0,17.0
12071020502,C1,21,5880000.0,151.3,0.9032,0.7461,0.5098,0.2576,0.0968,0.1571,0.2362,0.2522,0.2576,0.4105,2413740.0,2.0,3.0,5.0,5.0,5.0
12071020502,S1,13,4433000.0,151.3,0.9032,0.7461,0.5098,0.2576,0.0968,0.1571,0.2362,0.2522,0.2576,0.4105,1819746.5,1.0,2.0,3.0,3.0,3.0
12071020600,W1,245,48510000.0,145.7,0.9735,0.8834,0.7104,0.4669,0.0265,0.0902,0.173,0.2435,0.4669,0.6077,29479527.0,6.0,22.0,42.0,60.0,114.0
12071020600,MH,142,7029000.0,145.7,0.9926,0.9666,0.8858,0.7589,0.0074,0.026,0.0808,0.1269,0.7589,0.8309,5840396.1,1.0,4.0,11.0,18.0,108.0
12071020600,M1,47,9024000.0,145.7,0.9497,0.8183,0.6111,0.3611,0.0503,0.1314,0.2072,0.2499,0.3611,0.5095,4597728.0,2.0,6.0,10.0,12.0,17.0
12071020600,C1,24,6720000.0,145.7,0.8834,0.7104,0.4669,0.2241,0.1166,0.173,0.2435,0.2428,0.2241,0.3733,2508576.0,3.0,4.0,6.0,6.0,5.0
12071020600,S1,14,4774000.0,145.7,0.8834,0.7104,0.4669,0.2241,0.1166,0.173,0.2435,0.2428,0.2241,0.3733,1782134.2000000002,2.0,2.0,3.0,3.0,3.0
12071000402,W1,149,29502000.0,151.4,0.9796,0.9035,0.7467,0.5106,0.0204,0.0761,0.1568,0.2361,0.5106,0.6458,19052391.6,3.0,11.0,23.0,35.0,76.0
12071000402,MH,86,4257000.0,151.4,0.9943,0.9731,0.9032,0.7877,0.0057,0.0212,0.0699,0.1155,0.7877,0.8529,3630795.3,0.0,2.0,6.0,10.0,68.0
12071000402,M1,29,5568000.0,151.4,0.9601,0.8458,0.6524,0.4029,0.0399,0.1143,0.1934,0.2495,0.4029,0.5493,3058502.4,1.0,3.0,6.0,7.0,12.0
12071000402,C1,14,3920000.0,151.4,0.9035,0.7467,0.5106,0.2582,0.0965,0.1568,0.2361,0.2524,0.2582,0.4111,1611512.0,1.0,2.0,3.0,4.0,4.0
12071000402,S1,9,3069000.0,151.4,0.9035,0.7467,0.5106,0.2582,0.0965,0.1568,0.2361,0.2524,0.2582,0.4111,1261665.9000000001,1.0,1.0,2.0,2.0,2.0
12071000502,W1,119,23562000.0,151.8,0.98,0.9048,0.7491,0.5136,0.02,0.0752,0.1557,0.2355,0.5136,0.6484,15277600.799999999,2.0,9.0,19.0,28.0,61.0
12071000502,MH,69,3415500.0,151.8,0.9944,0.9735,0.9044,0.7897,0.0056,0.0209,0.0691,0.1147,0.7897,0.8543,2917861.65,0.0,1.0,5.0,8.0,54.0
12071000502,M1,23,4416000.0,151.8,0.9608,0.8476,0.6552,0.4059,0.0392,0.1132,0.1924,0.2493,0.4059,0.552,2437632.0,1.0,3.0,4.0,6.0,9.0
12071000502,C1,11,3080000.0,151.8,0.9048,0.7491,0.5136,0.2607,0.0952,0.1557,0.2355,0.2529,0.2607,0.4138,1274504.0,1.0,2.0,3.0,3.0,3.0
12071000502,S1,7,2387000.0,151.8,0.9048,0.7491,0.5136,0.2607,0.0952,0.1557,0.2355,0.2529,0.2607,0.4138,987740.6,1.0,1.0,2.0,2.0,2.0
12071020700,W1,266,52668000.0,145.7,0.9735,0.8834,0.7104,0.4669,0.0265,0.0902,0.173,0.2435,0.4669,0.6077,32006343.6,7.0,24.0,46.0,65.0,124.0
12071020700,MH,153,7573500.0,145.7,0.9926,0.9666,0.8858,0.7589,0.0074,0.026,0.0808,0.1269,0.7589,0.8309,6292821.149999999,1.0,4.0,12.0,19.0,116.0
12071020700,M1,51,9792000.0,145.7,0.9497,0.8183,0.6111,0.3611,0.0503,0.1314,0.2072,0.2499,0.3611,0.5095,4989024.0,3.0,7.0,11.0,13.0,18.0
12071020700,C1,26,7280000.0,145.7,0.8834,0.7104,0.4669,0.2241,0.1166,0.173,0.2435,0.2428,0.2241,0.3733,2717624.0,3.0,4.0,6.0,6.0,6.0
12071020700,S1,15,5115000.0,145.7,0.8834,0.7104,0.4669,0.2241,0.1166,0.173,0.2435,0.2428,0.2241,0.3733,1909429.5,2.0,3.0,4.0,4.0,3.0
12071040302,W1,276,54648000.0,142.4,0.9693,0.87,0.6876,0.441,0.0307,0.0992,0.1825,0.2466,0.441,0.5845,31941756.0,8.0,27.0,50.0,68.0,122.0
12071040302,MH,159,7870500.0,142.4,0.9913,0.9621,0.8743,0.7407,0.0087,0.0292,0.0878,0.1337,0.7407,0.8169,6429411.449999999,1.0,5.0,14.0,21.0,118.0
12071040302,M1,53,10176000.0,142.4,0.9426,0.8005,0.5858,0.3369,0.0574,0.1421,0.2147,0.2488,0.3369,0.4857,4942483.2,3.0,8.0,11.0,13.0,18.0
12071040302,C1,26,7280000.0,142.4,0.87,0.6876,0.441,0.205,0.13,0.1825,0.2466,0.236,0.205,0.3513,2557464.0,3.0,5.0,6.0,6.0,5.0
12071040302,S1,16,5456000.0,142.4,0.87,0.6876,0.441,0.205,0.13,0.1825,0.2466,0.236,0.205,0.3513,1916692.8,2.0,3.0,4.0,4.0,3.0
12071001705,W1,129,25542000.0,149.6,0.9778,0.8975,0.7356,0.497,0.0222,0.0803,0.1619,0.2387,0.497,0.6341,16196182.2,3.0,10.0,21.0,31.0,64.0
12071001705,MH,75,3712500.0,149.6,0.9938,0.9712,0.898,0.779,0.0062,0.0226,0.0732,0.1191,0.779,0.8463,3141888.75,0.0,2.0,5.0,9.0,58.0
12071001705,M1,25,4800000.0,149.6,0.9571,0.8375,0.6397,0.3898,0.0429,0.1196,0.1978,0.2499,0.3898,0.5369,2577120.0,1.0,3.0,5.0,6.0,10.0
12071001705,C1,12,3360000.0,149.6,0.8975,0.7356,0.497,0.2473,0.1025,0.1619,0.2387,0.2497,0.2473,0.3992,1341312.0,1.0,2.0,3.0,3.0,3.0
12071001705,S1,7,2387000.0,149.6,0.8975,0.7356,0.497,0.2473,0.1025,0.1619,0.2387,0.2497,0.2473,0.3992,952890.4,1.0,1.0,2.0,2.0,2.0
12071001801,W1,240,47520000.0,149.2,0.9774,0.8961,0.7331,0.4939,0.0226,0.0813,0.163,0.2392,0.4939,0.6314,30004128.0,5.0,20.0,39.0,57.0,119.0
12071001801,MH,139,6880500.0,149.2,0.9937,0.9708,0.8968,0.777,0.0063,0.0229,0.0739,0.1199,0.777,0.8448,5812646.4,1.0,3.0,10.0,17.0,108.0
12071001801,M1,46,8832000.0,149.2,0.9564,0.8356,0.6368,0.3868,0.0436,0.1207,0.1988,0.25,0.3868,0.5341,4717171.2,2.0,6.0,9.0,12.0,18.0
12071001801,C1,23,6440000.0,149.2,0.8961,0.7331,0.4939,0.2449,0.1039,0.163,0.2392,0.249,0.2449,0.3966,2554104.0,2.0,4.0,6.0,6.0,6.0
12071001801,S1,14,4774000.0,149.2,0.8961,0.7331,0.4939,0.2449,0.1039,0.163,0.2392,0.249,0.2449,0.3966,1893368.4000000001,1.0,2.0,3.0,3.0,3.0
12071001802,W1,168,33264000.0,148.2,0.9764,0.8926,0.7268,0.4862,0.0236,0.0838,0.1659,0.2405,0.4862,0.6248,20783347.2,4.0,14.0,28.0,40.0,82.0
12071001802,MH,97,4801500.0,148.2,0.9934,0.9696,0.8938,0.7719,0.0066,0.0238,0.0758,0.1219,0.7719,0.8409,4037581.35,1.0,2.0,7.0,12.0,75.0
12071001802,M1,32,6144000.0,148.2,0.9546,0.8308,0.6296,0.3795,0.0454,0.1237,0.2013,0.2501,0.3795,0.5271,3238502.4,1.0,4.0,6.0,8.0,12.0
12071001802,C1,16,4480000.0,148.2,0.8926,0.7268,0.4862,0.2389,0.1074,0.1659,0.2405,0.2474,0.2389,0.3899,1746752.0,2.0,3.0,4.0,4.0,4.0
12071001802,S1,10,3410000.0,148.2,0.8926,0.7268,0.4862,0.2389,0.1074,0.1659,0.2405,0.2474,0.2389,0.3899,1329559.0,1.0,2.0,2.0,2.0,2.0
12071040303,W1,408,80784000.0,141.0,0.9673,0.864,0.6775,0.4298,0.0327,0.1033,0.1865,0.2477,0.4298,0.5744,46402329.6,13.0,42.0,76.0,101.0,175.0
12071040303,MH,236,11682000.0,141.0,0.9907,0.96,0.8691,0.7326,0.0093,0.0307,0.0908,0.1365,0.7326,0.8106,9469429.2,2.0,7.0,21.0,32.0,173.0
12071040303,M1,78,14976000.0,141.0,0.9393,0.7925,0.5747,0.3267,0.0607,0.1467,0.2178,0.2481,0.3267,0.4754,7119590.399999999,5.0,11.0,17.0,19.0,25.0
12071040303,C1,39,10920000.0,141.0,0.864,0.6775,0.4298,0.1971,0.136,0.1865,0.2477,0.2328,0.1971,0.3419,3733548.0,5.0,7.0,10.0,9.0,8.0
12071040303,S1,24,8184000.0,141.0,0.864,0.6775,0.4298,0.1971,0.136,0.1865,0.2477,0.2328,0.1971,0.3419,2798109.5999999996,3.0,4.0,6.0,6.0,5.0
12071040304,W1,244,48312000.0,142.0,0.9687,0.8683,0.6847,0.4378,0.0313,0.1004,0.1836,0.2469,0.4378,0.5816,28098259.2,8.0,24.0,45.0,60.0,107.0
12071040304,MH,141,6979500.0,142.0,0.9911,0.9615,0.8729,0.7384,0.0089,0.0296,0.0886,0.1345,0.7384,0.8151,5688990.45,1.0,4.0,12.0,19.0,104.0
12071040304,M1,47,9024000.0,142.0,0.9417,0.7983,0.5826,0.334,0.0583,0.1434,0.2156,0.2486,0.334,0.4827,4355884.8,3.0,7.0,10.0,12.0,16.0
12071040304,C1,24,6720000.0,142.0,0.8683,0.6847,0.4378,0.2027,0.1317,0.1836,0.2469,0.2351,0.2027,0.3486,2342592.0,3.0,4.0,6.0,6.0,5.0
12071040304,S1,14,4774000.0,142.0,0.8683,0.6847,0.4378,0.2027,0.1317,0.1836,0.2469,0.2351,0.2027,0.3486,1664216.4000000001,2.0,3.0,3.0,3.0,3.0
12071040305,W1,118,23364000.0,141.0,0.9673,0.864,0.6775,0.4298,0.0327,0.1033,0.1865,0.2477,0.4298,0.5744,13420281.6,4.0,12.0,22.0,29.0,51.0
12071040305,MH,68,3366000.0,141.0,0.9907,0.96,0.8691,0.7326,0.0093,0.0307,0.0908,0.1365,0.7326,0.8106,2728479.6,1.0,2.0,6.0,9.0,50.0
12071040305,M1,23,4416000.0,141.0,0.9393,0.7925,0.5747,0.3267,0.0607,0.1467,0.2178,0.2481,0.3267,0.4754,2099366.4,1.0,3.0,5.0,6.0,8.0
12071040305,C1,11,3080000.0,141.0,0.864,0.6775,0.4298,0.1971,0.136,0.1865,0.2477,0.2328,0.1971,0.3419,1053052.0,1.0,2.0,3.0,3.0,2.0
12071040305,S1,7,2387000.0,141.0,0.864,0.6775,0.4298,0.1971,0.136,0.1865,0.2477,0.2328,0.1971,0.3419,816115.2999999999,1.0,1.0,2.0,2.0,1.0
12071060101,W1,99,19602000.0,148.4,0.9766,0.8933,0.728,0.4878,0.0234,0.0833,0.1653,0.2403,0.4878,0.6261,12272812.2,2.0,8.0,16.0,24.0,48.0
12071060101,MH,57,2821500.0,148.4,0.9935,0.9698,0.8944,0.7729,0.0065,0.0236,0.0754,0.1215,0.7729,0.8417,2374856.55,0.0,1.0,4.0,7.0,44.0
12071060101,M1,19,3648000.0,148.4,0.9549,0.8318,0.631,0.381,0.0451,0.1231,0.2008,0.2501,0.381,0.5285,1927968.0,1.0,2.0,4.0,5.0,7.0
12071060101,C1,10,2800000.0,148.4,0.8933,0.728,0.4878,0.2401,0.1067,0.1653,0.2403,0.2477,0.2401,0.3913,1095640.0,1.0,2.0,2.0,2.0,2.0
12071060101,S1,6,2046000.0,148.4,0.8933,0.728,0.4878,0.2401,0.1067,0.1653,0.2403,0.2477,0.2401,0.3913,800599.7999999999,1.0,1.0,1.0,1.0,1.0
12071001502,W1,79,15642000.0,150.3,0.9785,0.8999,0.74,0.5023,0.0215,0.0787,0.1599,0.2377,0.5023,0.6387,9990545.4,2.0,6.0,13.0,19.0,40.0
12071001502,MH,46,2277000.0,150.3,0.994,0.972,0.9001,0.7824,0.006,0.0221,0.0719,0.1177,0.7824,0.8489,1932945.3,0.0,1.0,3.0,5.0,36.0
12071001502,M1,15,2880000.0,150.3,0.9583,0.8408,0.6447,0.3949,0.0417,0.1175,0.1961,0.2498,0.3949,0.5417,1560095.9999999998,1.0,2.0,3.0,4.0,6.0
12071001502,C1,8,2240000.0,150.3,0.8999,0.74,0.5023,0.2515,0.1001,0.1599,0.2377,0.2507,0.2515,0.4039,904736.0,1.0,1.0,2.0,2.0,2.0
12071001502,S1,5,1705000.0,150.3,0.8999,0.74,0.5023,0.2515,0.1001,0.1599,0.2377,0.2507,0.2515,0.4039,688649.5,1.0,1.0,1.0,1.0,1.0
12071050305,W1,581,115038000.0,132.9,0.9528,0.8236,0.6148,0.3647,0.0472,0.1292,0.2089,0.25,0.3647,0.5132,59037501.6,27.0,75.0,121.0,145.0,212.0
12071050305,MH,335,16582500.0,132.9,0.9863,0.9455,0.8351,0.6818,0.0137,0.0408,0.1104,0.1533,0.6818,0.7703,12773499.75,5.0,14.0,37.0,51.0,228.0
12071050305,M1,112,21504000.0,132.9,0.9162,0.7409,0.5077,0.2682,0.0838,0.1752,0.2332,0.2395,0.2682,0.4148,8919859.2,9.0,20.0,26.0,27.0,30.0
12071050305,C1,56,15680000.0,132.9,0.8236,0.6148,0.3647,0.1536,0.1764,0.2089,0.25,0.2112,0.1536,0.2883,4520544.0,10.0,12.0,14.0,12.0,9.0
12071050305,S1,34,11594000.0,132.9,0.8236,0.6148,0.3647,0.1536,0.1764,0.2089,0.25,0.2112,0.1536,0.2883,3342550.2,6.0,7.0,8.0,7.0,5.0
12071040308,W1,711,140778000.0,131.8,0.9504,0.8174,0.6056,0.3559,0.0496,0.133,0.2118,0.2498,0.3559,0.5046,71036578.80000001,35.0,95.0,151.0,178.0,253.0
12071040308,MH,410,20295000.0,131.8,0.9856,0.9432,0.8299,0.6744,0.0144,0.0424,0.1133,0.1555,0.6744,0.7643,15511468.5,6.0,17.0,46.0,64.0,277.0
12071040308,M1,137,26304000.0,131.8,0.9124,0.7332,0.4983,0.2605,0.0876,0.1793,0.2349,0.2378,0.2605,0.4064,10689945.6,12.0,25.0,32.0,33.0,36.0
12071040308,C1,68,19040000.0,131.8,0.8174,0.6056,0.3559,0.148,0.1826,0.2118,0.2498,0.2078,0.148,0.2811,5352144.0,12.0,14.0,17.0,14.0,10.0
12071040308,S1,41,13981000.0,131.8,0.8174,0.6056,0.3559,0.148,0.1826,0.2118,0.2498,0.2078,0.148,0.2811,3930059.1,7.0,9.0,10.0,9.0,6.0
12071001903,W1,297,58806000.0,147.5,0.9756,0.8901,0.7222,0.4809,0.0244,0.0855,0.1679,0.2414,0.4809,0.62,36459720.0,7.0,25.0,50.0,72.0,143.0
12071001903,MH,172,8514000.0,147.5,0.9932,0.9688,0.8916,0.7683,0.0068,0.0244,0.0772,0.1233,0.7683,0.8382,7136434.8,1.0,4.0,13.0,21.0,132.0
12071001903,M1,57,10944000.0,147.5,0.9533,0.8274,0.6245,0.3744,0.0467,0.1259,0.2029,0.2501,0.3744,0.5222,5714956.8,3.0,7.0,12.0,14.0,21.0
12071001903,C1,29,8120000.0,147.5,0.8901,0.7222,0.4809,0.2347,0.1099,0.1679,0.2414,0.2461,0.2347,0.3853,3128636.0,3.0,5.0,7.0,7.0,7.0
12071001903,S1,17,5797000.0,147.5,0.8901,0.7222,0.4809,0.2347,0.1099,0.1679,0.2414,0.2461,0.2347,0.3853,2233584.0999999996,2.0,3.0,4.0,4.0,4.0
12071001908,W1,684,135432000.0,148.9,0.9771,0.8951,0.7312,0.4916,0.0229,0.082,0.1639,0.2396,0.4916,0.6294,85240900.8,16.0,56.0,112.0,164.0,336.0
12071001908,MH,394,19503000.0,148.9,0.9936,0.9704,0.8959,0.7755,0.0064,0.0232,0.0745,0.1205,0.7755,0.8436,16452730.8,3.0,9.0,29.0,47.0,306.0
12071001908,M1,132,25344000.0,148.9,0.9559,0.8342,0.6347,0.3846,0.0441,0.1216,0.1996,0.25,0.3846,0.532,13483008.0,6.0,16.0,26.0,33.0,51.0
12071001908,C1,66,18480000.0,148.9,0.8951,0.7312,0.4916,0.2431,0.1049,0.1639,0.2396,0.2485,0.2431,0.3946,7292208.0,7.0,11.0,16.0,16.0,16.0
12071001908,S1,39,13299000.0,148.9,0.8951,0.7312,0.4916,0.2431,0.1049,0.1639,0.2396,0.2485,0.2431,0.3946,5247785.4,4.0,6.0,9.0,10.0,9.0
12071000700,W1,89,17622000.0,151.1,0.9793,0.9025,0.7449,0.5083,0.0207,0.0768,0.1576,0.2365,0.5083,0.6439,11346805.8,2.0,7.0,14.0,21.0,45.0
12071000700,MH,51,2524500.0,151.1,0.9942,0.9728,0.9024,0.7863,0.0058,0.0214,0.0704,0.1161,0.7863,0.8518,2150369.1,0.0,1.0,4.0,6.0,40.0
12071000700,M1,17,3264000.0,151.1,0.9596,0.8444,0.6503,0.4007,0.0404,0.1152,0.1941,0.2496,0.4007,0.5472,1786060.8,1.0,2.0,3.0,4.0,7.0
12071000700,C1,9,2520000.0,151.1,0.9025,0.7449,0.5083,0.2564,0.0975,0.1576,0.2365,0.2519,0.2564,0.4092,1031184.0,1.0,1.0,2.0,2.0,2.0
12071000700,S1,5,1705000.0,151.1,0.9025,0.7449,0.5083,0.2564,0.0975,0.1576,0.2365,0.2519,0.2564,0.4092,697686.0,0.0,1.0,1.0,1.0,1.0
12071090100,W1,1100,217800000.0,126.6,0.9375,0.7854,0.5608,0.314,0.0625,0.1521,0.2246,0.2468,0.314,0.4629,100819620.0,69.0,167.0,247.0,271.0,345.0
12071090100,MH,634,31383000.0,126.6,0.9814,0.9307,0.8032,0.6373,0.0186,0.0507,0.1276,0.1658,0.6373,0.734,23035122.0,12.0,32.0,81.0,105.0,404.0
12071090100,M1,212,40704000.0,126.6,0.8927,0.6941,0.4525,0.2246,0.1073,0.1986,0.2416,0.2279,0.2246,0.3667,14926156.8,23.0,42.0,51.0,48.0,48.0
12071090100,C1,106,29680000.0,126.6,0.7854,0.5608,0.314,0.123,0.2146,0.2246,0.2468,0.191,0.123,0.2477,7351736.0,23.0,24.0,26.0,20.0,13.0
12071090100,S1,63,21483000.0,126.6,0.7854,0.5608,0.314,0.123,0.2146,0.2246,0.2468,0.191,0.123,0.2477,5321339.1,14.0,14.0,16.0,12.0,8.0
12071050306,W1,208,41184000.0,137.5,0.9617,0.8477,0.6513,0.4018,0.0383,0.114,0.1963,0.2495,0.4018,0.5485,22589424.0,8.0,24.0,41.0,52.0,84.0
12071050306,MH,120,5940000.0,137.5,0.989,0.9543,0.8553,0.7115,0.011,0.0347,0.099,0.1438,0.7115,0.794,4716360.0,1.0,4.0,12.0,17.0,85.0
12071050306,M1,40,7680000.0,137.5,0.9301,0.7714,0.5464,0.3012,0.0699,0.1588,0.225,0.2452,0.3012,0.4495,3452160.0,3.0,6.0,9.0,10.0,12.0
12071050306,C1,20,5600000.0,137.5,0.8477,0.6513,0.4018,0.1777,0.1523,0.1963,0.2495,0.2241,0.1777,0.3187,1784720.0,3.0,4.0,5.0,4.0,4.0
12071050306,S1,12,4092000.0,137.5,0.8477,0.6513,0.4018,0.1777,0.1523,0.1963,0.2495,0.2241,0.1777,0.3187,1304120.4,2.0,2.0,3.0,3.0,2.0
12071000503,W1,127,25146000.0,151.9,0.98,0.9051,0.7497,0.5143,0.02,0.075,0.1554,0.2353,0.5143,0.6491,16322268.6,3.0,10.0,20.0,30.0,65.0
12071000503,MH,73,3613500.0,151.9,0.9945,0.9736,0.9047,0.7901,0.0055,0.0208,0.069,0.1145,0.7901,0.8547,3088458.45,0.0,2.0,5.0,8.0,58.0
12071000503,M1,24,4608000.0,151.9,0.9609,0.848,0.6559,0.4066,0.0391,0.1129,0.1921,0.2493,0.4066,0.5527,2546841.5999999996,1.0,3.0,5.0,6.0,10.0
12071000503,C1,12,3360000.0,151.9,0.9051,0.7497,0.5143,0.2613,0.0949,0.1554,0.2353,0.2531,0.2613,0.4144,1392384.0,1.0,2.0,3.0,3.0,3.0
12071000503,S1,7,2387000.0,151.9,0.9051,0.7497,0.5143,0.2613,0.0949,0.1554,0.2353,0.2531,0.2613,0.4144,989172.7999999999,1.0,1.0,2.0,2.0,2.0
12071010307,W1,240,47520000.0,148.7,0.9769,0.8944,0.73,0.4901,0.0231,0.0825,0.1644,0.2399,0.4901,0.6281,29847312.0,6.0,20.0,39.0,58.0,118.0
12071010307,MH,138,6831000.0,148.7,0.9935,0.9702,0.8953,0.7745,0.0065,0.0234,0.0749,0.1209,0.7745,0.8428,5757166.8,1.0,3.0,10.0,17.0,107.0
12071010307,M1,46,8832000.0,148.7,0.9555,0.8333,0.6332,0.3832,0.0445,0.1222,0.2,0.25,0.3832,0.5306,4686259.199999999,2.0,6.0,9.0,12.0,18.0
12071010307,C1,23,6440000.0,148.7,0.8944,0.73,0.4901,0.2419,0.1056,0.1644,0.2399,0.2482,0.2419,0.3933,2532852.0,2.0,4.0,6.0,6.0,6.0
12071010307,S1,14,4774000.0,148.7,0.8944,0.73,0.4901,0.2419,0.1056,0.1644,0.2399,0.2482,0.2419,0.3933,1877614.2,1.0,2.0,3.0,3.0,3.0
12071010404,W1,369,73062000.0,152.9,0.9809,0.9082,0.7556,0.5218,0.0191,0.0727,0.1526,0.2338,0.5218,0.6554,47884834.8,7.0,27.0,56.0,86.0,193.0
12071010404,MH,213,10543500.0,152.9,0.9947,0.9746,0.9074,0.7948,0.0053,0.0201,0.0672,0.1126,0.7948,0.8582,9048431.7,1.0,4.0,14.0,24.0,169.0
12071010404,M1,71,13632000.0,152.9,0.9625,0.8524,0.6627,0.4139,0.0375,0.1101,0.1896,0.2489,0.4139,0.5595,7627104.0,3.0,8.0,13.0,18.0,29.0
12071010404,C1,35,9800000.0,152.9,0.9082,0.7556,0.5218,0.2674,0.0918,0.1526,0.2338,0.2544,0.2674,0.421,4125800.0,3.0,5.0,8.0,9.0,9.0
12071010404,S1,21,7161000.0,152.9,0.9082,0.7556,0.5218,0.2674,0.0918,0.1526,0.2338,0.2544,0.2674,0.421,3014781.0,2.0,3.0,5.0,5.0,6.0
12071010305,W1,183,36234000.0,146.2,0.9741,0.8853,0.7137,0.4708,0.0259,0.0889,0.1716,0.2429,0.4708,0.6112,22146220.799999997,5.0,16.0,31.0,44.0,86.0
12071010305,MH,105,5197500.0,146.2,0.9927,0.9672,0.8874,0.7615,0.0073,0.0255,0.0798,0.1259,0.7615,0.833,4329517.5,1.0,3.0,8.0,13.0,80.0
12071010305,M1,35,6720000.0,146.2,0.9507,0.8209,0.6148,0.3648,0.0493,0.1299,0.206,0.25,0.3648,0.513,3447360.0,2.0,5.0,7.0,9.0,13.0
12071010305,C1,18,5040000.0,146.2,0.8853,0.7137,0.4708,0.227,0.1147,0.1716,0.2429,0.2438,0.227,0.3766,1898064.0,2.0,3.0,4.0,4.0,4.0
12071010305,S1,11,3751000.0,146.2,0.8853,0.7137,0.4708,0.227,0.1147,0.1716,0.2429,0.2438,0.227,0.3766,1412626.5999999999,1.0,2.0,3.0,3.0,2.0
12071060102,W1,260,51480000.0,148.4,0.9766,0.8933,0.728,0.4878,0.0234,0.0833,0.1653,0.2403,0.4878,0.6261,32231628.0,6.0,22.0,43.0,62.0,127.0
12071060102,MH,150,7425000.0,148.4,0.9935,0.9698,0.8944,0.7729,0.0065,0.0236,0.0754,0.1215,0.7729,0.8417,6249622.5,1.0,4.0,11.0,18.0,116.0
12071060102,M1,50,9600000.0,148.4,0.9549,0.8318,0.631,0.381,0.0451,0.1231,0.2008,0.2501,0.381,0.5285,5073600.0,2.0,6.0,10.0,13.0,19.0
12071060102,C1,25,7000000.0,148.4,0.8933,0.728,0.4878,0.2401,0.1067,0.1653,0.2403,0.2477,0.2401,0.3913,2739100.0,3.0,4.0,6.0,6.0,6.0
12071060102,S1,15,5115000.0,148.4,0.8933,0.728,0.4878,0.2401,0.1067,0.1653,0.2403,0.2477,0.2401,0.3913,2001499.5,2.0,2.0,4.0,4.0,4.0
12071000600,W1,193,38214000.0,151.8,0.98,0.9048,0.7491,0.5136,0.02,0.0752,0.1557,0.2355,0.5136,0.6484,24777957.599999998,4.0,15.0,30.0,45.0,99.0
12071000600,MH,112,5544000.0,151.8,0.9944,0.9735,0.9044,0.7897,0.0056,0.0209,0.0691,0.1147,0.7897,0.8543,4736239.199999999,1.0,2.0,8.0,13.0,88.0
12071000600,M1,37,7104000.0,151.8,0.9608,0.8476,0.6552,0.4059,0.0392,0.1132,0.1924,0.2493,0.4059,0.552,3921408.0000000005,1.0,4.0,7.0,9.0,15.0
12071000600,C1,19,5320000.0,151.8,0.9048,0.7491,0.5136,0.2607,0.0952,0.1557,0.2355,0.2529,0.2607,0.4138,2201416.0,2.0,3.0,4.0,5.0,5.0
12071000600,S1,11,3751000.0,151.8,0.9048,0.7491,0.5136,0.2607,0.0952,0.1557,0.2355,0.2529,0.2607,0.4138,1552163.8,1.0,2.0,3.0,3.0,3.0
12071000900,W1,484,95832000.0,147.0,0.9751,0.8883,0.719,0.477,0.0249,0.0868,0.1693,0.242,0.477,0.6166,59090011.2,12.0,42.0,82.0,117.0,231.0
12071000900,MH,279,13810500.0,147.0,0.993,0.9682,0.89,0.7657,0.007,0.0248,0.0782,0.1243,0.7657,0.8362,11548340.100000001,2.0,7.0,22.0,35.0,214.0
12071000900,M1,93,17856000.0,147.0,0.9523,0.8249,0.6208,0.3707,0.0477,0.1274,0.2041,0.2501,0.3707,0.5187,9261907.200000001,4.0,12.0,19.0,23.0,34.0
12071000900,C1,46,12880000.0,147.0,0.8883,0.719,0.477,0.2317,0.1117,0.1693,0.242,0.2452,0.2317,0.3819,4918872.0,5.0,8.0,11.0,11.0,11.0
12071000900,S1,28,9548000.0,147.0,0.8883,0.719,0.477,0.2317,0.1117,0.1693,0.242,0.2452,0.2317,0.3819,3646381.2,3.0,5.0,7.0,7.0,6.0
12071000800,W1,267,52866000.0,149.4,0.9776,0.8968,0.7344,0.4954,0.0224,0.0808,0.1624,0.2389,0.4954,0.6328,33453604.8,6.0,22.0,43.0,64.0,132.0
12071000800,MH,154,7623000.0,149.4,0.9938,0.971,0.8974,0.778,0.0062,0.0228,0.0735,0.1195,0.778,0.8455,6445246.5,1.0,4.0,11.0,18.0,120.0
12071000800,M1,51,9792000.0,149.4,0.9567,0.8366,0.6383,0.3883,0.0433,0.1201,0.1983,0.25,0.3883,0.5355,5243616.0,2.0,6.0,10.0,13.0,20.0
12071000800,C1,26,7280000.0,149.4,0.8968,0.7344,0.4954,0.2461,0.1032,0.1624,0.2389,0.2493,0.2461,0.3979,2896712.0,3.0,4.0,6.0,6.0,6.0
12071000800,S1,15,5115000.0,149.4,0.8968,0.7344,0.4954,0.2461,0.1032,0.1624,0.2389,0.2493,0.2461,0.3979,2035258.4999999998,2.0,2.0,4.0,4.0,4.0
12071010501,W1,117,23166000.0,150.9,0.9791,0.9019,0.7437,0.5068,0.0209,0.0773,0.1582,0.2368,0.5068,0.6426,14886471.6,2.0,9.0,19.0,28.0,59.0
12071010501,MH,68,3366000.0,150.9,0.9942,0.9726,0.9018,0.7853,0.0058,0.0216,0.0708,0.1165,0.7853,0.8511,2864802.6,0.0,1.0,5.0,8.0,53.0
12071010501,M1,22,4224000.0,150.9,0.9593,0.8435,0.6489,0.3993,0.0407,0.1158,0.1946,0.2496,0.3993,0.5459,2305881.6,1.0,3.0,4.0,5.0,9.0
12071010501,C1,11,3080000.0,150.9,0.9019,0.7437,0.5068,0.2552,0.0981,0.1582,0.2368,0.2516,0.2552,0.4078,1256024.0,1.0,2.0,3.0,3.0,3.0
12071010501,S1,7,2387000.0,150.9,0.9019,0.7437,0.5068,0.2552,0.0981,0.1582,0.2368,0.2516,0.2552,0.4078,973418.6,1.0,1.0,2.0,2.0,2.0
12071030201,W1,368,72864000.0,146.5,0.9745,0.8864,0.7157,0.4731,0.0255,0.0881,0.1707,0.2426,0.4731,0.6132,44680204.8,9.0,32.0,63.0,89.0,174.0
12071030201,MH,212,10494000.0,146.5,0.9928,0.9676,0.8884,0.7631,0.0072,0.0253,0.0792,0.1253,0.7631,0.8342,8754094.8,2.0,5.0,17.0,27.0,162.0
12071030201,M1,71,13632000.0,146.5,0.9513,0.8224,0.6171,0.367,0.0487,0.1289,0.2053,0.2501,0.367,0.5152,7023206.399999999,3.0,9.0,15.0,18.0,26.0
12071030201,C1,35,9800000.0,146.5,0.8864,0.7157,0.4731,0.2288,0.1136,0.1707,0.2426,0.2443,0.2288,0.3786,3710280.0,4.0,6.0,8.0,9.0,8.0
12071030201,S1,21,7161000.0,146.5,0.8864,0.7157,0.4731,0.2288,0.1136,0.1707,0.2426,0.2443,0.2288,0.3786,2711154.6,2.0,4.0,5.0,5.0,5.0
12071001401,W1,116,22968000.0,150.2,0.9784,0.8995,0.7394,0.5015,0.0216,0.0789,0.1602,0.2378,0.5015,0.638,14653584.0,3.0,9.0,19.0,28.0,58.0
12071001401,MH,67,3316500.0,150.2,0.994,0.9718,0.8998,0.7819,0.006,0.0221,0.0721,0.1179,0.7819,0.8485,2814050.25,0.0,1.0,5.0,8.0,52.0
12071001401,M1,22,4224000.0,150.2,0.9581,0.8403,0.644,0.3942,0.0419,0.1178,0.1964,0.2498,0.3942,0.541,2285184.0,1.0,3.0,4.0,5.0,9.0
12071001401,C1,11,3080000.0,150.2,0.8995,0.7394,0.5015,0.2509,0.1005,0.1602,0.2378,0.2506,0.2509,0.4032,1241856.0,1.0,2.0,3.0,3.0,3.0
12071001401,S1,7,2387000.0,150.2,0.8995,0.7394,0.5015,0.2509,0.1005,0.1602,0.2378,0.2506,0.2509,0.4032,962438.4,1.0,1.0,2.0,2.0,2.0
12071070102,W1,1901,376398000.0,144.5,0.9721,0.8787,0.7022,0.4575,0.0279,0.0934,0.1764,0.2447,0.4575,0.5994,225612961.20000002,53.0,178.0,335.0,465.0,870.0
12071070102,MH,1097,54301500.0,144.5,0.9921,0.965,0.8817,0.7524,0.0079,0.0271,0.0833,0.1293,0.7524,0.8259,44847608.85,9.0,30.0,91.0,142.0,825.0
12071070102,M1,366,70272000.0,144.5,0.9472,0.812,0.602,0.3523,0.0528,0.1353,0.21,0.2497,0.3523,0.5009,35199244.800000004,19.0,50.0,77.0,91.0,129.0
12071070102,C1,183,51240000.0,144.5,0.8787,0.7022,0.4575,0.2171,0.1213,0.1764,0.2447,0.2404,0.2171,0.3653,18717972.0,22.0,32.0,45.0,44.0,40.0
12071070102,S1,110,37510000.0,144.5,0.8787,0.7022,0.4575,0.2171,0.1213,0.1764,0.2447,0.2404,0.2171,0.3653,13702403.0,13.0,19.0,27.0,26.0,24.0
12071040209,W1,1107,219186000.0,139.6,0.9651,0.8576,0.6672,0.4187,0.0349,0.1075,0.1904,0.2486,0.4187,0.5641,123642822.60000001,39.0,119.0,211.0,275.0,464.0
12071040209,MH,638,31581000.0,139.6,0.9901,0.9578,0.8638,0.7243,0.0099,0.0323,0.094,0.1394,0.7243,0.8041,25394282.1,6.0,21.0,60.0,89.0,462.0
12071040209,M1,213,40896000.0,139.6,0.9358,0.7843,0.5635,0.3165,0.0642,0.1515,0.2207,0.2471,0.3165,0.4651,19020729.6,14.0,32.0,47.0,53.0,67.0
12071040209,C1,106,29680000.0,139.6,0.8576,0.6672,0.4187,0.1892,0.1424,0.1904,0.2486,0.2294,0.1892,0.3326,9871568.0,15.0,20.0,26.0,24.0,20.0
12071040209,S1,64,21824000.0,139.6,0.8576,0.6672,0.4187,0.1892,0.1424,0.1904,0.2486,0.2294,0.1892,0.3326,7258662.4,9.0,12.0,16.0,15.0,12.0
12071040109,W1,177,35046000.0,142.7,0.9697,0.8713,0.6897,0.4433,0.0303,0.0984,0.1816,0.2464,0.4433,0.5866,20557983.6,5.0,17.0,32.0,44.0,78.0
12071040109,MH,102,5049000.0,142.7,0.9914,0.9625,0.8754,0.7424,0.0086,0.0289,0.0871,0.133,0.7424,0.8182,4131091.8000000003,1.0,3.0,9.0,14.0,76.0
12071040109,M1,34,6528000.0,142.7,0.9433,0.8022,0.5881,0.3391,0.0567,0.1411,0.2141,0.249,0.3391,0.4878,3184358.4,2.0,5.0,7.0,8.0,12.0
12071040109,C1,17,4760000.0,142.7,0.8713,0.6897,0.4433,0.2067,0.1287,0.1816,0.2464,0.2366,0.2067,0.3533,1681708.0,2.0,3.0,4.0,4.0,4.0
12071040109,S1,10,3410000.0,142.7,0.8713,0.6897,0.4433,0.2067,0.1287,0.1816,0.2464,0.2366,0.2067,0.3533,1204753.0,1.0,2.0,2.0,2.0,2.0
12071001101,W1,110,21780000.0,151.1,0.9793,0.9025,0.7449,0.5083,0.0207,0.0768,0.1576,0.2365,0.5083,0.6439,14024142.0,2.0,8.0,17.0,26.0,56.0
12071001101,MH,63,3118500.0,151.1,0.9942,0.9728,0.9024,0.7863,0.0058,0.0214,0.0704,0.1161,0.7863,0.8518,2656338.3,0.0,1.0,4.0,7.0,50.0
12071001101,M1,21,4032000.0,151.1,0.9596,0.8444,0.6503,0.4007,0.0404,0.1152,0.1941,0.2496,0.4007,0.5472,2206310.4,1.0,2.0,4.0,5.0,8.0
12071001101,C1,11,3080000.0,151.1,0.9025,0.7449,0.5083,0.2564,0.0975,0.1576,0.2365,0.2519,0.2564,0.4092,1260336.0,1.0,2.0,3.0,3.0,3.0
12071001101,S1,6,2046000.0,151.1,0.9025,0.7449,0.5083,0.2564,0.0975,0.1576,0.2365,0.2519,0.2564,0.4092,837223.2000000001,1.0,1.0,1.0,2.0,2.0
12071040123,W1,1805,357390000.0,148.0,0.9762,0.8919,0.7255,0.4847,0.0238,0.0843,0.1664,0.2408,0.4847,0.6234,222796925.99999997,43.0,152.0,300.0,435.0,875.0
12071040123,MH,1041,51529500.0,148.0,0.9933,0.9694,0.8932,0.7709,0.0067,0.024,0.0762,0.1223,0.7709,0.8401,43289932.949999996,7.0,25.0,79.0,127.0,803.0
12071040123,M1,347,66624000.0,148.0,0.9542,0.8299,0.6281,0.378,0.0458,0.1243,0.2017,0.2501,0.378,0.5257,35024236.8,16.0,43.0,70.0,87.0,131.0
12071040123,C1,174,48720000.0,148.0,0.8919,0.7255,0.4847,0.2377,0.1081,0.1664,0.2408,0.247,0.2377,0.3886,18932592.0,19.0,29.0,42.0,43.0,41.0
12071040123,S1,104,35464000.0,148.0,0.8919,0.7255,0.4847,0.2377,0.1081,0.1664,0.2408,0.247,0.2377,0.3886,13781310.4,11.0,17.0,25.0,26.0,25.0
12071030202,W1,407,80586000.0,148.5,0.9767,0.8937,0.7287,0.4885,0.0233,0.083,0.165,0.2401,0.4885,0.6268,50511304.800000004,9.0,34.0,67.0,98.0,199.0
12071030202,MH,235,11632500.0,148.5,0.9935,0.97,0.8947,0.7735,0.0065,0.0235,0.0753,0.1213,0.7735,0.8421,9795728.25,2.0,6.0,18.0,29.0,182.0
12071030202,M1,78,14976000.0,148.5,0.9551,0.8323,0.6318,0.3817,0.0449,0.1228,0.2005,0.2501,0.3817,0.5292,7925299.2,4.0,10.0,16.0,20.0,30.0
12071030202,C1,39,10920000.0,148.5,0.8937,0.7287,0.4885,0.2407,0.1063,0.165,0.2401,0.2479,0.2407,0.3919,4279548.0,4.0,6.0,9.0,10.0,9.0
12071030202,S1,23,7843000.0,148.5,0.8937,0.7287,0.4885,0.2407,0.1063,0.165,0.2401,0.2479,0.2407,0.3919,3073671.7,2.0,4.0,6.0,6.0,6.0
12071001402,W1,107,21186000.0,150.2,0.9784,0.8995,0.7394,0.5015,0.0216,0.0789,0.1602,0.2378,0.5015,0.638,13516668.0,2.0,8.0,17.0,25.0,54.0
12071001402,MH,62,3069000.0,150.2,0.994,0.9718,0.8998,0.7819,0.006,0.0221,0.0721,0.1179,0.7819,0.8485,2604046.5,0.0,1.0,4.0,7.0,48.0
12071001402,M1,21,4032000.0,150.2,0.9581,0.8403,0.644,0.3942,0.0419,0.1178,0.1964,0.2498,0.3942,0.541,2181312.0,1.0,2.0,4.0,5.0,8.0
12071001402,C1,10,2800000.0,150.2,0.8995,0.7394,0.5015,0.2509,0.1005,0.1602,0.2378,0.2506,0.2509,0.4032,1128960.0,1.0,2.0,2.0,3.0,3.0
12071001402,S1,6,2046000.0,150.2,0.8995,0.7394,0.5015,0.2509,0.1005,0.1602,0.2378,0.2506,0.2509,0.4032,824947.2,1.0,1.0,1.0,2.0,2.0
12071010702,W1,327,64746000.0,145.9,0.9738,0.8841,0.7117,0.4684,0.0262,0.0896,0.1724,0.2433,0.4684,0.6091,39436788.6,9.0,29.0,56.0,80.0,153.0
12071010702,MH,188,9306000.0,145.9,0.9926,0.9668,0.8864,0.7599,0.0074,0.0258,0.0804,0.1265,0.7599,0.8317,7739800.2,1.0,5.0,15.0,24.0,143.0
12071010702,M1,63,12096000.0,145.9,0.9501,0.8193,0.6126,0.3626,0.0499,0.1308,0.2067,0.25,0.3626,0.5109,6179846.4,3.0,8.0,13.0,16.0,23.0
12071010702,C1,31,8680000.0,145.9,0.8841,0.7117,0.4684,0.2253,0.1159,0.1724,0.2433,0.2432,0.2253,0.3746,3251528.0,4.0,5.0,8.0,8.0,7.0
12071010702,S1,19,6479000.0,145.9,0.8841,0.7117,0.4684,0.2253,0.1159,0.1724,0.2433,0.2432,0.2253,0.3746,2427033.4,2.0,3.0,5.0,5.0,4.0
12071010701,W1,337,66726000.0,146.1,0.974,0.8849,0.713,0.47,0.026,0.0891,0.1719,0.243,0.47,0.6105,40736223.0,9.0,30.0,58.0,82.0,158.0
12071010701,MH,195,9652500.0,146.1,0.9927,0.9671,0.8871,0.761,0.0073,0.0256,0.08,0.1261,0.761,0.8326,8036671.5,1.0,5.0,16.0,25.0,148.0
12071010701,M1,65,12480000.0,146.1,0.9505,0.8204,0.6141,0.3641,0.0495,0.1302,0.2063,0.25,0.3641,0.5123,6393504.0,3.0,8.0,13.0,16.0,24.0
12071010701,C1,32,8960000.0,146.1,0.8849,0.713,0.47,0.2264,0.1151,0.1719,0.243,0.2436,0.2264,0.376,3368960.0,4.0,6.0,8.0,8.0,7.0
12071010701,S1,19,6479000.0,146.1,0.8849,0.713,0.47,0.2264,0.1151,0.1719,0.243,0.2436,0.2264,0.376,2436104.0,2.0,3.0,5.0,5.0,4.0
12071040310,W1,386,76428000.0,138.4,0.9632,0.852,0.6582,0.4091,0.0368,0.1112,0.1938,0.2492,0.4091,0.5552,42432825.6,14.0,43.0,75.0,96.0,158.0
12071040310,MH,223,11038500.0,138.4,0.9895,0.9558,0.859,0.7171,0.0105,0.0337,0.0968,0.1419,0.7171,0.7984,8813138.4,2.0,8.0,22.0,32.0,160.0
12071040310,M1,74,14208000.0,138.4,0.9326,0.777,0.5538,0.3077,0.0674,0.1556,0.2232,0.2461,0.3077,0.4562,6481689.6,5.0,12.0,17.0,18.0,23.0
12071040310,C1,37,10360000.0,138.4,0.852,0.6582,0.4091,0.1826,0.148,0.1938,0.2492,0.2264,0.1826,0.3246,3362856.0,5.0,7.0,9.0,8.0,7.0
12071040310,S1,22,7502000.0,138.4,0.852,0.6582,0.4091,0.1826,0.148,0.1938,0.2492,0.2264,0.1826,0.3246,2435149.2,3.0,4.0,5.0,5.0,4.0
12071040118,W1,160,31680000.0,135.5,0.958,0.8376,0.6357,0.3857,0.042,0.1204,0.2019,0.25,0.3857,0.5333,16894944.0,7.0,19.0,32.0,40.0,62.0
12071040118,MH,92,4554000.0,135.5,0.9879,0.9507,0.8468,0.6989,0.0121,0.0373,0.1038,0.1479,0.6989,0.784,3570336.0,1.0,3.0,10.0,14.0,64.0
12071040118,M1,31,5952000.0,135.5,0.9244,0.7585,0.5298,0.2868,0.0756,0.1658,0.2287,0.243,0.2868,0.4345,2586144.0,2.0,5.0,7.0,8.0,9.0
12071040118,C1,15,4200000.0,135.5,0.8376,0.6357,0.3857,0.1671,0.1624,0.2019,0.25,0.2187,0.1671,0.3054,1282680.0,2.0,3.0,4.0,3.0,3.0
12071040118,S1,9,3069000.0,135.5,0.8376,0.6357,0.3857,0.1671,0.1624,0.2019,0.25,0.2187,0.1671,0.3054,937272.6,1.0,2.0,2.0,2.0,2.0
12071040111,W1,410,81180000.0,145.7,0.9735,0.8834,0.7104,0.4669,0.0265,0.0902,0.173,0.2435,0.4669,0.6077,49333086.0,11.0,37.0,71.0,100.0,191.0
12071040111,MH,237,11731500.0,145.7,0.9926,0.9666,0.8858,0.7589,0.0074,0.026,0.0808,0.1269,0.7589,0.8309,9747703.35,2.0,6.0,19.0,30.0,180.0
12071040111,M1,79,15168000.0,145.7,0.9497,0.8183,0.6111,0.3611,0.0503,0.1314,0.2072,0.2499,0.3611,0.5095,7728095.999999999,4.0,10.0,16.0,20.0,29.0
12071040111,C1,39,10920000.0,145.7,0.8834,0.7104,0.4669,0.2241,0.1166,0.173,0.2435,0.2428,0.2241,0.3733,4076436.0,5.0,7.0,9.0,9.0,9.0
12071040111,S1,24,8184000.0,145.7,0.8834,0.7104,0.4669,0.2241,0.1166,0.173,0.2435,0.2428,0.2241,0.3733,3055087.2,3.0,4.0,6.0,6.0,5.0
12071040117,W1,406,80388000.0,149.3,0.9775,0.8965,0.7337,0.4947,0.0225,0.0811,0.1627,0.2391,0.4947,0.6321,50813254.8,9.0,33.0,66.0,97.0,201.0
12071040117,MH,234,11583000.0,149.3,0.9937,0.9709,0.8971,0.7775,0.0063,0.0229,0.0737,0.1197,0.7775,0.8451,9788793.299999999,1.0,5.0,17.0,28.0,182.0
12071040117,M1,78,14976000.0,149.3,0.9566,0.8361,0.6375,0.3876,0.0434,0.1204,0.1986,0.25,0.3876,0.5348,8009164.800000001,3.0,9.0,15.0,20.0,30.0
12071040117,C1,39,10920000.0,149.3,0.8965,0.7337,0.4947,0.2455,0.1035,0.1627,0.2391,0.2492,0.2455,0.3972,4337424.0,4.0,6.0,9.0,10.0,10.0
12071040117,S1,23,7843000.0,149.3,0.8965,0.7337,0.4947,0.2455,0.1035,0.1627,0.2391,0.2492,0.2455,0.3972,3115239.6,2.0,4.0,5.0,6.0,6.0
12071050106,W1,505,99990000.0,147.3,0.9754,0.8894,0.7209,0.4793,0.0246,0.086,0.1684,0.2416,0.4793,0.6187,61863813.0,12.0,43.0,85.0,122.0,242.0
12071050106,MH,292,14454000.0,147.3,0.9931,0.9686,0.891,0.7673,0.0069,0.0246,0.0776,0.1237,0.7673,0.8374,12103779.6,2.0,7.0,23.0,36.0,224.0
12071050106,M1,97,18624000.0,147.3,0.9529,0.8264,0.623,0.3729,0.0471,0.1265,0.2034,0.2501,0.3729,0.5208,9699379.200000001,5.0,12.0,20.0,24.0,36.0
12071050106,C1,49,13720000.0,147.3,0.8894,0.7209,0.4793,0.2335,0.1106,0.1684,0.2416,0.2458,0.2335,0.3839,5267108.0,5.0,8.0,12.0,12.0,11.0
12071050106,S1,29,9889000.0,147.3,0.8894,0.7209,0.4793,0.2335,0.1106,0.1684,0.2416,0.2458,0.2335,0.3839,3796387.1,3.0,5.0,7.0,7.0,7.0
12071050205,W1,147,29106000.0,146.1,0.974,0.8849,0.713,0.47,0.026,0.0891,0.1719,0.243,0.47,0.6105,17769213.0,4.0,13.0,25.0,36.0,69.0
12071050205,MH,85,4207500.0,146.1,0.9927,0.9671,0.8871,0.761,0.0073,0.0256,0.08,0.1261,0.761,0.8326,3503164.5,1.0,2.0,7.0,11.0,65.0
12071050205,M1,28,5376000.0,146.1,0.9505,0.8204,0.6141,0.3641,0.0495,0.1302,0.2063,0.25,0.3641,0.5123,2754124.8,1.0,4.0,6.0,7.0,10.0
12071050205,C1,14,3920000.0,146.1,0.8849,0.713,0.47,0.2264,0.1151,0.1719,0.243,0.2436,0.2264,0.376,1473920.0,2.0,2.0,3.0,3.0,3.0
12071050205,S1,8,2728000.0,146.1,0.8849,0.713,0.47,0.2264,0.1151,0.1719,0.243,0.2436,0.2264,0.376,1025728.0,1.0,1.0,2.0,2.0,2.0
12071060203,W1,212,41976000.0,145.0,0.9727,0.8807,0.7056,0.4614,0.0273,0.092,0.175,0.2442,0.4614,0.6029,25307330.4,6.0,20.0,37.0,52.0,98.0
12071060203,MH,122,6039000.0,145.0,0.9923,0.9657,0.8834,0.7551,0.0077,0.0266,0.0822,0.1283,0.7551,0.828,5000292.0,1.0,3.0,10.0,16.0,92.0
12071060203,M1,41,7872000.0,145.0,0.9483,0.8146,0.6058,0.356,0.0517,0.1337,0.2088,0.2498,0.356,0.5045,3971423.9999999995,2.0,5.0,9.0,10.0,15.0
12071060203,C1,20,5600000.0,145.0,0.8807,0.7056,0.4614,0.22,0.1193,0.175,0.2442,0.2414,0.22,0.3686,2064160.0,2.0,4.0,5.0,5.0,4.0
12071060203,S1,12,4092000.0,145.0,0.8807,0.7056,0.4614,0.22,0.1193,0.175,0.2442,0.2414,0.22,0.3686,1508311.2,1.0,2.0,3.0,3.0,3.0
12071001911,W1,517,102366000.0,149.7,0.9779,0.8978,0.7363,0.4977,0.0221,0.0801,0.1616,0.2385,0.4977,0.6347,64971700.2,11.0,41.0,84.0,123.0,257.0
12071001911,MH,298,14751000.0,149.7,0.9938,0.9713,0.8983,0.7795,0.0062,0.0225,0.073,0.1189,0.7795,0.8466,12488196.6,2.0,7.0,22.0,35.0,232.0
12071001911,M1,99,19008000.0,149.7,0.9573,0.838,0.6404,0.3905,0.0427,0.1193,0.1976,0.2499,0.3905,0.5376,10218700.799999999,4.0,12.0,20.0,25.0,39.0
12071001911,C1,50,14000000.0,149.7,0.8978,0.7363,0.4977,0.2479,0.1022,0.1616,0.2385,0.2498,0.2479,0.3999,5598600.0,5.0,8.0,12.0,12.0,12.0
12071001911,S1,30,10230000.0,149.7,0.8978,0.7363,0.4977,0.2479,0.1022,0.1616,0.2385,0.2498,0.2479,0.3999,4090977.0,3.0,5.0,7.0,7.0,7.0
12071060300,W1,782,154836000.0,138.4,0.9632,0.852,0.6582,0.4091,0.0368,0.1112,0.1938,0.2492,0.4091,0.5552,85964947.2,29.0,87.0,152.0,195.0,320.0
12071060300,MH,451,22324500.0,138.4,0.9895,0.9558,0.859,0.7171,0.0105,0.0337,0.0968,0.1419,0.7171,0.7984,17823880.8,5.0,15.0,44.0,64.0,323.0
12071060300,M1,150,28800000.0,138.4,0.9326,0.777,0.5538,0.3077,0.0674,0.1556,0.2232,0.2461,0.3077,0.4562,13138560.0,10.0,23.0,33.0,37.0,46.0
12071060300,C1,75,21000000.0,138.4,0.852,0.6582,0.4091,0.1826,0.148,0.1938,0.2492,0.2264,0.1826,0.3246,6816600.0,11.0,15.0,19.0,17.0,14.0
12071060300,S1,45,15345000.0,138.4,0.852,0.6582,0.4091,0.1826,0.148,0.1938,0.2492,0.2264,0.1826,0.3246,4980987.0,7.0,9.0,11.0,10.0,8.0
12071080100,W1,3845,761310000.0,136.7,0.9602,0.8437,0.6452,0.3954,0.0398,0.1165,0.1986,0.2498,0.3954,0.5425,413010675.0,153.0,448.0,764.0,960.0,1520.0
12071080100,MH,2218,109791000.0,136.7,0.9886,0.9529,0.852,0.7065,0.0114,0.0357,0.1009,0.1454,0.7065,0.7901,86745869.10000001,25.0,79.0,224.0,322.0,1567.0
12071080100,M1,740,142080000.0,136.7,0.9279,0.7663,0.5398,0.2954,0.0721,0.1616,0.2265,0.2444,0.2954,0.4435,63012480.0,53.0,120.0,168.0,181.0,219.0
12071080100,C1,370,103600000.0,136.7,0.8437,0.6452,0.3954,0.1734,0.1563,0.1986,0.2498,0.222,0.1734,0.3134,32468240.0,58.0,73.0,92.0,82.0,64.0
12071080100,S1,222,75702000.0,136.7,0.8437,0.6452,0.3954,0.1734,0.1563,0.1986,0.2498,0.222,0.1734,0.3134,23725006.8,35.0,44.0,55.0,49.0,38.0
12071001915,W1,749,148302000.0,152.2,0.9803,0.906,0.7515,0.5166,0.0197,0.0743,0.1546,0.2349,0.5166,0.651,96544602.0,15.0,56.0,116.0,176.0,387.0
12071001915,MH,432,21384000.0,152.2,0.9945,0.9739,0.9055,0.7915,0.0055,0.0206,0.0684,0.1139,0.7915,0.8558,18300427.2,2.0,9.0,30.0,49.0,342.0
12071001915,M1,144,27648000.0,152.2,0.9614,0.8493,0.6579,0.4088,0.0386,0.1121,0.1914,0.2492,0.4088,0.5547,15336345.6,6.0,16.0,28.0,36.0,59.0
12071001915,C1,72,20160000.0,152.2,0.906,0.7515,0.5166,0.2631,0.094,0.1546,0.2349,0.2535,0.2631,0.4164,8394624.0,7.0,11.0,17.0,18.0,19.0
12071001915,S1,43,14663000.0,152.2,0.906,0.7515,0.5166,0.2631,0.094,0.1546,0.2349,0.2535,0.2631,0.4164,6105673.2,4.0,7.0,10.0,11.0,11.0
12071001913,W1,80,15840000.0,148.2,0.9764,0.8926,0.7268,0.4862,0.0236,0.0838,0.1659,0.2405,0.4862,0.6248,9896832.0,2.0,7.0,13.0,19.0,39.0
12071001913,MH,46,2277000.0,148.2,0.9934,0.9696,0.8938,0.7719,0.0066,0.0238,0.0758,0.1219,0.7719,0.8409,1914729.3,0.0,1.0,3.0,6.0,36.0
12071001913,M1,15,2880000.0,148.2,0.9546,0.8308,0.6296,0.3795,0.0454,0.1237,0.2013,0.2501,0.3795,0.5271,1518048.0,1.0,2.0,3.0,4.0,6.0
12071001913,C1,8,2240000.0,148.2,0.8926,0.7268,0.4862,0.2389,0.1074,0.1659,0.2405,0.2474,0.2389,0.3899,873376.0,1.0,1.0,2.0,2.0,2.0
12071001913,S1,5,1705000.0,148.2,0.8926,0.7268,0.4862,0.2389,0.1074,0.1659,0.2405,0.2474,0.2389,0.3899,664779.5,1.0,1.0,1.0,1.0,1.0
12071060201,W1,136,26928000.0,145.0,0.9727,0.8807,0.7056,0.4614,0.0273,0.092,0.175,0.2442,0.4614,0.6029,16234891.2,4.0,13.0,24.0,33.0,63.0
12071060201,MH,79,3910500.0,145.0,0.9923,0.9657,0.8834,0.7551,0.0077,0.0266,0.0822,0.1283,0.7551,0.828,3237894.0,1.0,2.0,6.0,10.0,60.0
12071060201,M1,26,4992000.0,145.0,0.9483,0.8146,0.6058,0.356,0.0517,0.1337,0.2088,0.2498,0.356,0.5045,2518463.9999999995,1.0,3.0,5.0,6.0,9.0
12071060201,C1,13,3640000.0,145.0,0.8807,0.7056,0.4614,0.22,0.1193,0.175,0.2442,0.2414,0.22,0.3686,1341704.0,2.0,2.0,3.0,3.0,3.0
12071060201,S1,8,2728000.0,145.0,0.8807,0.7056,0.4614,0.22,0.1193,0.175,0.2442,0.2414,0.22,0.3686,1005540.7999999999,1.0,1.0,2.0,2.0,2.0
12071060202,W1,128,25344000.0,145.0,0.9727,0.8807,0.7056,0.4614,0.0273,0.092,0.175,0.2442,0.4614,0.6029,15279897.6,3.0,12.0,22.0,31.0,59.0
12071060202,MH,74,3663000.0,145.0,0.9923,0.9657,0.8834,0.7551,0.0077,0.0266,0.0822,0.1283,0.7551,0.828,3032964.0,1.0,2.0,6.0,9.0,56.0
12071060202,M1,25,4800000.0,145.0,0.9483,0.8146,0.6058,0.356,0.0517,0.1337,0.2088,0.2498,0.356,0.5045,2421599.9999999995,1.0,3.0,5.0,6.0,9.0
12071060202,C1,12,3360000.0,145.0,0.8807,0.7056,0.4614,0.22,0.1193,0.175,0.2442,0.2414,0.22,0.3686,1238496.0,1.0,2.0,3.0,3.0,3.0
12071060202,S1,7,2387000.0,145.0,0.8807,0.7056,0.4614,0.22,0.1193,0.175,0.2442,0.2414,0.22,0.3686,879848.2,1.0,1.0,2.0,2.0,2.0
12071010302,W1,266,52668000.0,146.0,0.9739,0.8845,0.7124,0.4692,0.0261,0.0894,0.1721,0.2431,0.4692,0.6098,32116946.400000002,7.0,24.0,46.0,65.0,125.0
12071010302,MH,153,7573500.0,146.0,0.9927,0.967,0.8868,0.7605,0.0073,0.0257,0.0802,0.1263,0.7605,0.8321,6301909.35,1.0,4.0,12.0,19.0,116.0
12071010302,M1,51,9792000.0,146.0,0.9503,0.8198,0.6133,0.3633,0.0497,0.1305,0.2065,0.25,0.3633,0.5116,5009587.2,3.0,7.0,11.0,13.0,19.0
12071010302,C1,26,7280000.0,146.0,0.8845,0.7124,0.4692,0.2258,0.1155,0.1721,0.2431,0.2434,0.2258,0.3753,2732184.0,3.0,4.0,6.0,6.0,6.0
12071010302,S1,15,5115000.0,146.0,0.8845,0.7124,0.4692,0.2258,0.1155,0.1721,0.2431,0.2434,0.2258,0.3753,1919659.5,2.0,3.0,4.0,4.0,3.0
12071010303,W1,197,39006000.0,148.7,0.9769,0.8944,0.73,0.4901,0.0231,0.0825,0.1644,0.2399,0.4901,0.6281,24499668.6,5.0,16.0,32.0,47.0,97.0
12071010303,MH,113,5593500.0,148.7,0.9935,0.9702,0.8953,0.7745,0.0065,0.0234,0.0749,0.1209,0.7745,0.8428,4714201.8,1.0,3.0,8.0,14.0,88.0
12071010303,M1,38,7296000.0,148.7,0.9555,0.8333,0.6332,0.3832,0.0445,0.1222,0.2,0.25,0.3832,0.5306,3871257.5999999996,2.0,5.0,8.0,10.0,15.0
12071010303,C1,19,5320000.0,148.7,0.8944,0.73,0.4901,0.2419,0.1056,0.1644,0.2399,0.2482,0.2419,0.3933,2092356.0,2.0,3.0,5.0,5.0,5.0
12071010303,S1,11,3751000.0,148.7,0.8944,0.73,0.4901,0.2419,0.1056,0.1644,0.2399,0.2482,0.2419,0.3933,1475268.3,1.0,2.0,3.0,3.0,3.0
12071010411,W1,166,32868000.0,152.6,0.9807,0.9073,0.7538,0.5196,0.0193,0.0734,0.1534,0.2343,0.5196,0.6535,21479238.0,3.0,12.0,25.0,39.0,86.0
12071010411,MH,96,4752000.0,152.6,0.9946,0.9743,0.9066,0.7934,0.0054,0.0203,0.0677,0.1132,0.7934,0.8572,4073414.4,1.0,2.0,6.0,11.0,76.0
12071010411,M1,32,6144000.0,152.6,0.962,0.8511,0.6607,0.4117,0.038,0.1109,0.1904,0.249,0.4117,0.5574,3424665.6,1.0,4.0,6.0,8.0,13.0
12071010411,C1,16,4480000.0,152.6,0.9073,0.7538,0.5196,0.2656,0.0927,0.1534,0.2343,0.254,0.2656,0.4191,1877567.9999999998,1.0,2.0,4.0,4.0,4.0
12071010411,S1,10,3410000.0,152.6,0.9073,0.7538,0.5196,0.2656,0.0927,0.1534,0.2343,0.254,0.2656,0.4191,1429131.0,1.0,2.0,2.0,3.0,3.0
12071020201,W1,822,162756000.0,152.0,0.9801,0.9054,0.7503,0.5151,0.0199,0.0747,0.1551,0.2352,0.5151,0.6497,105742573.2,16.0,61.0,127.0,193.0,423.0
12071020201,MH,474,23463000.0,152.0,0.9945,0.9737,0.9049,0.7906,0.0055,0.0208,0.0688,0.1143,0.7906,0.8551,20063211.3,3.0,10.0,33.0,54.0,375.0
12071020201,M1,158,30336000.0,152.0,0.9611,0.8485,0.6566,0.4073,0.0389,0.1126,0.1919,0.2492,0.4073,0.5534,16787942.4,6.0,18.0,30.0,39.0,64.0
12071020201,C1,79,22120000.0,152.0,0.9054,0.7503,0.5151,0.2619,0.0946,0.1551,0.2352,0.2532,0.2619,0.4151,9182012.0,7.0,12.0,19.0,20.0,21.0
12071020201,S1,47,16027000.0,152.0,0.9054,0.7503,0.5151,0.2619,0.0946,0.1551,0.2352,0.2532,0.2619,0.4151,6652807.7,4.0,7.0,11.0,12.0,12.0
12071040210,W1,710,140580000.0,142.5,0.9694,0.8705,0.6883,0.4417,0.0306,0.099,0.1822,0.2465,0.4417,0.5852,82267416.00000001,22.0,70.0,129.0,175.0,314.0
12071040210,MH,410,20295000.0,142.5,0.9913,0.9622,0.8747,0.7412,0.0087,0.0291,0.0875,0.1335,0.7412,0.8173,16587103.5,4.0,12.0,36.0,55.0,304.0
12071040210,M1,136,26112000.0,142.5,0.9428,0.8011,0.5866,0.3377,0.0572,0.1418,0.2145,0.2489,0.3377,0.4864,12700876.8,8.0,19.0,29.0,34.0,46.0
12071040210,C1,68,19040000.0,142.5,0.8705,0.6883,0.4417,0.2056,0.1295,0.1822,0.2465,0.2362,0.2056,0.3519,6700176.0,9.0,12.0,17.0,16.0,14.0
12071040210,S1,41,13981000.0,142.5,0.8705,0.6883,0.4417,0.2056,0.1295,0.1822,0.2465,0.2362,0.2056,0.3519,4919913.899999999,5.0,7.0,10.0,10.0,8.0
12071030100,W1,2892,572616000.0,146.5,0.9745,0.8864,0.7157,0.4731,0.0255,0.0881,0.1707,0.2426,0.4731,0.6132,351128131.2,74.0,255.0,494.0,702.0,1368.0
12071030100,MH,1668,82566000.0,146.5,0.9928,0.9676,0.8884,0.7631,0.0072,0.0253,0.0792,0.1253,0.7631,0.8342,68876557.2,12.0,42.0,132.0,209.0,1273.0
12071030100,M1,556,106752000.0,146.5,0.9513,0.8224,0.6171,0.367,0.0487,0.1289,0.2053,0.2501,0.367,0.5152,54998630.4,27.0,72.0,114.0,139.0,204.0
12071030100,C1,278,77840000.0,146.5,0.8864,0.7157,0.4731,0.2288,0.1136,0.1707,0.2426,0.2443,0.2288,0.3786,29470224.0,32.0,47.0,67.0,68.0,64.0
12071030100,S1,167,56947000.0,146.5,0.8864,0.7157,0.4731,0.2288,0.1136,0.1707,0.2426,0.2443,0.2288,0.3786,21560134.2,19.0,29.0,41.0,41.0,38.0
12071050312,W1,6509,1288782000.0,125.5,0.9344,0.778,0.5509,0.3052,0.0656,0.1563,0.2271,0.2457,0.3052,0.4539,584978149.8000001,427.0,1017.0,1478.0,1599.0,1987.0
12071050312,MH,3755,185872500.0,125.5,0.9804,0.9278,0.7971,0.6291,0.0196,0.0526,0.1307,0.1679,0.6291,0.7272,135166482.0,74.0,198.0,491.0,630.0,2362.0
12071050312,M1,1252,240384000.0,125.5,0.888,0.6853,0.4426,0.2172,0.112,0.2027,0.2426,0.2255,0.2172,0.3582,86105548.8,140.0,254.0,304.0,282.0,272.0
12071050312,C1,626,175280000.0,125.5,0.778,0.5509,0.3052,0.118,0.222,0.2271,0.2457,0.1872,0.118,0.2407,42189896.0,139.0,142.0,154.0,117.0,74.0
12071050312,S1,376,128216000.0,125.5,0.778,0.5509,0.3052,0.118,0.222,0.2271,0.2457,0.1872,0.118,0.2407,30861591.2,83.0,85.0,92.0,70.0,44.0
12071050104,W1,697,138006000.0,144.3,0.9718,0.8779,0.7009,0.4559,0.0282,0.0939,0.177,0.2449,0.4559,0.598,82527588.0,20.0,65.0,123.0,171.0,318.0
12071050104,MH,402,19899000.0,144.3,0.9921,0.9647,0.881,0.7513,0.0079,0.0273,0.0837,0.1298,0.7513,0.8251,16418664.899999999,3.0,11.0,34.0,52.0,302.0
12071050104,M1,134,25728000.0,144.3,0.9468,0.8109,0.6005,0.3509,0.0532,0.1359,0.2105,0.2496,0.3509,0.4994,12848563.200000001,7.0,18.0,28.0,33.0,47.0
12071050104,C1,67,18760000.0,144.3,0.8779,0.7009,0.4559,0.2159,0.1221,0.177,0.2449,0.24,0.2159,0.364,6828640.0,8.0,12.0,16.0,16.0,14.0
12071050104,S1,40,13640000.0,144.3,0.8779,0.7009,0.4559,0.2159,0.1221,0.177,0.2449,0.24,0.2159,0.364,4964960.0,5.0,7.0,10.0,10.0,9.0
12071080204,W1,2776,549648000.0,149.9,0.9781,0.8985,0.7375,0.4992,0.0219,0.0796,0.161,0.2383,0.4992,0.6361,349631092.8,61.0,221.0,447.0,662.0,1386.0
12071080204,MH,1602,79299000.0,149.9,0.9939,0.9715,0.8989,0.7805,0.0061,0.0224,0.0726,0.1185,0.7805,0.8474,67197972.60000001,10.0,36.0,116.0,190.0,1250.0
12071080204,M1,534,102528000.0,149.9,0.9576,0.8389,0.6418,0.392,0.0424,0.1187,0.1971,0.2499,0.392,0.539,55262592.0,23.0,63.0,105.0,133.0,209.0
12071080204,C1,267,74760000.0,149.9,0.8985,0.7375,0.4992,0.2491,0.1015,0.161,0.2383,0.2501,0.2491,0.4012,29993712.0,27.0,43.0,64.0,67.0,67.0
12071080204,S1,160,54560000.0,149.9,0.8985,0.7375,0.4992,0.2491,0.1015,0.161,0.2383,0.2501,0.2491,0.4012,21889472.0,16.0,26.0,38.0,40.0,40.0
12071990000,W1,54851,10860498000.0,143.5,0.9708,0.8746,0.6953,0.4496,0.0292,0.0961,0.1793,0.2457,0.4496,0.5923,6432672965.400001,1602.0,5271.0,9835.0,13477.0,24661.0
12071990000,MH,31645,1566427500.0,143.5,0.9917,0.9636,0.8783,0.7469,0.0083,0.0281,0.0854,0.1314,0.7469,0.8217,1287133476.75,263.0,889.0,2702.0,4158.0,23636.0
12071990000,M1,10548,2025216000.0,143.5,0.9451,0.8066,0.5943,0.345,0.0549,0.1385,0.2123,0.2493,0.345,0.4937,999849139.2,579.0,1461.0,2239.0,2630.0,3639.0
12071990000,C1,5274,1476720000.0,143.5,0.8746,0.6953,0.4496,0.2113,0.1254,0.1793,0.2457,0.2384,0.2113,0.3586,529551791.99999994,661.0,946.0,1296.0,1257.0,1114.0
12071990000,S1,3164,1078924000.0,143.5,0.8746,0.6953,0.4496,0.2113,0.1254,0.1793,0.2457,0.2384,0.2113,0.3586,386902146.4,397.0,567.0,777.0,754.0,669.0
12071070101,W1,3439,680922000.0,127.5,0.94,0.7913,0.5688,0.3212,0.06,0.1487,0.2225,0.2476,0.3212,0.4702,320169524.4,206.0,511.0,765.0,851.0,1105.0
12071070101,MH,1984,98208000.0,127.5,0.9822,0.9331,0.8081,0.644,0.0178,0.0492,0.125,0.1641,0.644,0.7395,72624816.0,35.0,98.0,248.0,326.0,1278.0
12071070101,M1,661,126912000.0,127.5,0.8964,0.7011,0.4605,0.2307,0.1036,0.1952,0.2406,0.2299,0.2307,0.3736,47414323.199999996,68.0,129.0,159.0,152.0,152.0
12071070101,C1,331,92680000.0,127.5,0.7913,0.5688,0.3212,0.1272,0.2087,0.2225,0.2476,0.194,0.1272,0.2534,23485112.0,69.0,74.0,82.0,64.0,42.0
12071070101,S1,198,67518000.0,127.5,0.7913,0.5688,0.3212,0.1272,0.2087,0.2225,0.2476,0.194,0.1272,0.2534,17109061.2,41.0,44.0,49.0,38.0,25.0
12071020202,W1,1365,270270000.0,152.6,0.9807,0.9073,0.7538,0.5196,0.0193,0.0734,0.1534,0.2343,0.5196,0.6535,176621445.0,26.0,100.0,209.0,320.0,709.0
12071020202,MH,788,39006000.0,152.6,0.9946,0.9743,0.9066,0.7934,0.0054,0.0203,0.0677,0.1132,0.7934,0.8572,33435943.2,4.0,16.0,53.0,89.0,625.0
12071020202,M1,262,50304000.0,152.6,0.962,0.8511,0.6607,0.4117,0.038,0.1109,0.1904,0.249,0.4117,0.5574,28039449.6,10.0,29.0,50.0,65.0,108.0
12071020202,C1,131,36680000.0,152.6,0.9073,0.7538,0.5196,0.2656,0.0927,0.1534,0.2343,0.254,0.2656,0.4191,15372587.999999998,12.0,20.0,31.0,33.0,35.0
12071020202,S1,79,26939000.0,152.6,0.9073,0.7538,0.5196,0.2656,0.0927,0.1534,0.2343,0.254,0.2656,0.4191,11290134.899999999,7.0,12.0,19.0,20.0,21.0
12071040206,W1,877,173646000.0,141.9,0.9686,0.8679,0.684,0.437,0.0314,0.1007,0.1839,0.247,0.437,0.5809,100870961.39999999,28.0,88.0,161.0,217.0,383.0
12071040206,MH,506,25047000.0,141.9,0.9911,0.9613,0.8725,0.7378,0.0089,0.0297,0.0889,0.1347,0.7378,0.8146,20403286.2,5.0,15.0,45.0,68.0,373.0
12071040206,M1,169,32448000.0,141.9,0.9414,0.7977,0.5819,0.3333,0.0586,0.1437,0.2158,0.2486,0.3333,0.482,15639936.0,10.0,24.0,36.0,42.0,56.0
12071040206,C1,84,23520000.0,141.9,0.8679,0.684,0.437,0.2021,0.1321,0.1839,0.247,0.2348,0.2021,0.3479,8182608.0,11.0,15.0,21.0,20.0,17.0
12071040206,S1,51,17391000.0,141.9,0.8679,0.684,0.437,0.2021,0.1321,0.1839,0.247,0.2348,0.2021,0.3479,6050328.899999999,7.0,9.0,13.0,12.0,10.0
12071050601,W1,197,39006000.0,128.3,0.9421,0.7963,0.5758,0.3276,0.0579,0.1457,0.2206,0.2481,0.3276,0.4767,18594160.2,11.0,29.0,43.0,49.0,65.0
12071050601,MH,113,5593500.0,128.3,0.9829,0.9351,0.8123,0.6498,0.0171,0.0478,0.1228,0.1625,0.6498,0.7443,4163242.05,2.0,5.0,14.0,18.0,73.0
12071050601,M1,38,7296000.0,128.3,0.8996,0.7073,0.4676,0.2361,0.1004,0.1923,0.2397,0.2315,0.2361,0.3797,2770291.1999999997,4.0,7.0,9.0,9.0,9.0
12071050601,C1,19,5320000.0,128.3,0.7963,0.5758,0.3276,0.131,0.2037,0.2206,0.2481,0.1967,0.131,0.2585,1375220.0,4.0,4.0,5.0,4.0,2.0
12071050601,S1,11,3751000.0,128.3,0.7963,0.5758,0.3276,0.131,0.2037,0.2206,0.2481,0.1967,0.131,0.2585,969633.5,2.0,2.0,3.0,2.0,1.0
12071040120,W1,136,26928000.0,138.3,0.963,0.8515,0.6575,0.4083,0.037,0.1115,0.1941,0.2492,0.4083,0.5545,14931576.0,5.0,15.0,26.0,34.0,56.0
12071040120,MH,78,3861000.0,138.3,0.9894,0.9557,0.8586,0.7165,0.0106,0.0338,0.0971,0.1421,0.7165,0.7979,3080691.9000000004,1.0,3.0,8.0,11.0,56.0
12071040120,M1,26,4992000.0,138.3,0.9323,0.7764,0.553,0.307,0.0677,0.156,0.2234,0.246,0.307,0.4555,2273856.0,2.0,4.0,6.0,6.0,8.0
12071040120,C1,13,3640000.0,138.3,0.8515,0.6575,0.4083,0.1821,0.1485,0.1941,0.2492,0.2262,0.1821,0.324,1179360.0,2.0,3.0,3.0,3.0,2.0
12071040120,S1,8,2728000.0,138.3,0.8515,0.6575,0.4083,0.1821,0.1485,0.1941,0.2492,0.2262,0.1821,0.324,883872.0,1.0,2.0,2.0,2.0,1.0
12071050105,W1,337,66726000.0,148.5,0.9767,0.8937,0.7287,0.4885,0.0233,0.083,0.165,0.2401,0.4885,0.6268,41823856.800000004,8.0,28.0,56.0,81.0,165.0
12071050105,MH,194,9603000.0,148.5,0.9935,0.97,0.8947,0.7735,0.0065,0.0235,0.0753,0.1213,0.7735,0.8421,8086686.3,1.0,5.0,15.0,24.0,150.0
12071050105,M1,65,12480000.0,148.5,0.9551,0.8323,0.6318,0.3817,0.0449,0.1228,0.2005,0.2501,0.3817,0.5292,6604416.0,3.0,8.0,13.0,16.0,25.0
12071050105,C1,32,8960000.0,148.5,0.8937,0.7287,0.4885,0.2407,0.1063,0.165,0.2401,0.2479,0.2407,0.3919,3511424.0000000005,3.0,5.0,8.0,8.0,8.0
12071050105,S1,19,6479000.0,148.5,0.8937,0.7287,0.4885,0.2407,0.1063,0.165,0.2401,0.2479,0.2407,0.3919,2539120.1,2.0,3.0,5.0,5.0,5.0
12071001912,W1,100,19800000.0,148.5,0.9767,0.8937,0.7287,0.4885,0.0233,0.083,0.165,0.2401,0.4885,0.6268,12410640.0,2.0,8.0,16.0,24.0,49.0
12071001912,MH,58,2871000.0,148.5,0.9935,0.97,0.8947,0.7735,0.0065,0.0235,0.0753,0.1213,0.7735,0.8421,2417669.1,0.0,1.0,4.0,7.0,45.0
12071001912,M1,19,3648000.0,148.5,0.9551,0.8323,0.6318,0.3817,0.0449,0.1228,0.2005,0.2501,0.3817,0.5292,1930521.6,1.0,2.0,4.0,5.0,7.0
12071001912,C1,10,2800000.0,148.5,0.8937,0.7287,0.4885,0.2407,0.1063,0.165,0.2401,0.2479,0.2407,0.3919,1097320.0,1.0,2.0,2.0,2.0,2.0
12071001912,S1,6,2046000.0,148.5,0.8937,0.7287,0.4885,0.2407,0.1063,0.165,0.2401,0.2479,0.2407,0.3919,801827.4,1.0,1.0,1.0,1.0,1.0
12071040127,W1,467,92466000.0,143.0,0.9701,0.8726,0.6918,0.4457,0.0299,0.0975,0.1807,0.2461,0.4457,0.5888,54443980.8,14.0,46.0,84.0,115.0,208.0
12071040127,MH,270,13365000.0,143.0,0.9915,0.9629,0.8765,0.7441,0.0085,0.0286,0.0865,0.1324,0.7441,0.8195,10952617.5,2.0,8.0,23.0,36.0,201.0
12071040127,M1,90,17280000.0,143.0,0.944,0.8038,0.5904,0.3413,0.056,0.1401,0.2134,0.2491,0.3413,0.49,8467200.0,5.0,13.0,19.0,22.0,31.0
12071040127,C1,45,12600000.0,143.0,0.8726,0.6918,0.4457,0.2084,0.1274,0.1807,0.2461,0.2373,0.2084,0.3553,4476780.0,6.0,8.0,11.0,11.0,9.0
12071040127,S1,27,9207000.0,143.0,0.8726,0.6918,0.4457,0.2084,0.1274,0.1807,0.2461,0.2373,0.2084,0.3553,3271247.1,3.0,5.0,7.0,6.0,6.0
12071040113,W1,647,128106000.0,146.0,0.9739,0.8845,0.7124,0.4692,0.0261,0.0894,0.1721,0.2431,0.4692,0.6098,78119038.8,17.0,58.0,111.0,157.0,304.0
12071040113,MH,373,18463500.0,146.0,0.9927,0.967,0.8868,0.7605,0.0073,0.0257,0.0802,0.1263,0.7605,0.8321,15363478.35,3.0,10.0,30.0,47.0,284.0
12071040113,M1,124,23808000.0,146.0,0.9503,0.8198,0.6133,0.3633,0.0497,0.1305,0.2065,0.25,0.3633,0.5116,12180172.8,6.0,16.0,26.0,31.0,45.0
12071040113,C1,62,17360000.0,146.0,0.8845,0.7124,0.4692,0.2258,0.1155,0.1721,0.2431,0.2434,0.2258,0.3753,6515208.0,7.0,11.0,15.0,15.0,14.0
12071040113,S1,37,12617000.0,146.0,0.8845,0.7124,0.4692,0.2258,0.1155,0.1721,0.2431,0.2434,0.2258,0.3753,4735160.100000001,4.0,6.0,9.0,9.0,8.0
12071010412,W1,153,30294000.0,152.6,0.9807,0.9073,0.7538,0.5196,0.0193,0.0734,0.1534,0.2343,0.5196,0.6535,19797129.0,3.0,11.0,23.0,36.0,79.0
12071010412,MH,88,4356000.0,152.6,0.9946,0.9743,0.9066,0.7934,0.0054,0.0203,0.0677,0.1132,0.7934,0.8572,3733963.1999999997,0.0,2.0,6.0,10.0,70.0
12071010412,M1,30,5760000.0,152.6,0.962,0.8511,0.6607,0.4117,0.038,0.1109,0.1904,0.249,0.4117,0.5574,3210624.0,1.0,3.0,6.0,7.0,12.0
12071010412,C1,15,4200000.0,152.6,0.9073,0.7538,0.5196,0.2656,0.0927,0.1534,0.2343,0.254,0.2656,0.4191,1760220.0,1.0,2.0,4.0,4.0,4.0
12071010412,S1,9,3069000.0,152.6,0.9073,0.7538,0.5196,0.2656,0.0927,0.1534,0.2343,0.254,0.2656,0.4191,1286217.9,1.0,1.0,2.0,2.0,2.0
12071040126,W1,149,29502000.0,143.1,0.9702,0.873,0.6925,0.4465,0.0298,0.0973,0.1805,0.246,0.4465,0.5895,17391429.0,4.0,14.0,27.0,37.0,67.0
12071040126,MH,86,4257000.0,143.1,0.9916,0.9631,0.8768,0.7446,0.0084,0.0285,0.0862,0.1322,0.7446,0.8199,3490314.3,1.0,2.0,7.0,11.0,64.0
12071040126,M1,29,5568000.0,143.1,0.9442,0.8044,0.5912,0.3421,0.0558,0.1398,0.2132,0.2492,0.3421,0.4908,2732774.4,2.0,4.0,6.0,7.0,10.0
12071040126,C1,14,3920000.0,143.1,0.873,0.6925,0.4465,0.209,0.127,0.1805,0.246,0.2375,0.209,0.3559,1395128.0,2.0,3.0,3.0,3.0,3.0
12071040126,S1,9,3069000.0,143.1,0.873,0.6925,0.4465,0.209,0.127,0.1805,0.246,0.2375,0.209,0.3559,1092257.1,1.0,2.0,2.0,2.0,2.0
12071050204,W1,112,22176000.0,142.9,0.97,0.8721,0.6911,0.4449,0.03,0.0978,0.181,0.2462,0.4449,0.5881,13041705.6,3.0,11.0,20.0,28.0,50.0
12071050204,MH,64,3168000.0,142.9,0.9915,0.9628,0.8761,0.7435,0.0085,0.0287,0.0867,0.1326,0.7435,0.8191,2594908.8000000003,1.0,2.0,6.0,8.0,48.0
12071050204,M1,22,4224000.0,142.9,0.9437,0.8033,0.5897,0.3406,0.0563,0.1404,0.2136,0.2491,0.3406,0.4893,2066803.2,1.0,3.0,5.0,5.0,7.0
12071050204,C1,11,3080000.0,142.9,0.8721,0.6911,0.4449,0.2078,0.1279,0.181,0.2462,0.2371,0.2078,0.3546,1092168.0,1.0,2.0,3.0,3.0,2.0
12071050204,S1,6,2046000.0,142.9,0.8721,0.6911,0.4449,0.2078,0.1279,0.181,0.2462,0.2371,0.2078,0.3546,725511.6000000001,1.0,1.0,1.0,1.0,1.0
12071080202,W1,548,108504000.0,152.4,0.9805,0.9067,0.7527,0.5181,0.0195,0.0738,0.154,0.2346,0.5181,0.6523,70777159.2,11.0,40.0,84.0,129.0,284.0
12071080202,MH,316,15642000.0,152.4,0.9946,0.9741,0.906,0.7925,0.0054,0.0205,0.0681,0.1136,0.7925,0.8565,13397373.0,2.0,6.0,22.0,36.0,250.0
12071080202,M1,105,20160000.0,152.4,0.9617,0.8502,0.6593,0.4102,0.0383,0.1115,0.1909,0.2491,0.4102,0.5561,11210976.0,4.0,12.0,20.0,26.0,43.0
12071080202,C1,53,14840000.0,152.4,0.9067,0.7527,0.5181,0.2643,0.0933,0.154,0.2346,0.2538,0.2643,0.4177,6198668.0,5.0,8.0,12.0,13.0,14.0
12071080202,S1,32,10912000.0,152.4,0.9067,0.7527,0.5181,0.2643,0.0933,0.154,0.2346,0.2538,0.2643,0.4177,4557942.4,3.0,5.0,8.0,8.0,8.0
12071040314,W1,542,107316000.0,134.9,0.9569,0.8345,0.631,0.3809,0.0431,0.1224,0.2035,0.2501,0.3809,0.5287,56737969.199999996,23.0,66.0,110.0,136.0,206.0
12071040314,MH,313,15493500.0,134.9,0.9876,0.9495,0.8442,0.695,0.0124,0.038,0.1053,0.1492,0.695,0.7809,12098874.15,4.0,12.0,33.0,47.0,218.0
12071040314,M1,104,19968000.0,134.9,0.9225,0.7545,0.5248,0.2825,0.0775,0.168,0.2298,0.2423,0.2825,0.43,8586240.0,8.0,17.0,24.0,25.0,29.0
12071040314,C1,52,14560000.0,134.9,0.8345,0.631,0.3809,0.1639,0.1655,0.2035,0.2501,0.217,0.1639,0.3015,4389840.0,9.0,11.0,13.0,11.0,9.0
12071040314,S1,31,10571000.0,134.9,0.8345,0.631,0.3809,0.1639,0.1655,0.2035,0.2501,0.217,0.1639,0.3015,3187156.5,5.0,6.0,8.0,7.0,5.0
12071040207,W1,394,78012000.0,139.3,0.9646,0.8563,0.665,0.4163,0.0354,0.1084,0.1913,0.2487,0.4163,0.5619,43834942.8,14.0,43.0,75.0,98.0,164.0
12071040207,MH,227,11236500.0,139.3,0.9899,0.9573,0.8626,0.7225,0.0101,0.0326,0.0947,0.1401,0.7225,0.8027,9019538.549999999,2.0,7.0,21.0,32.0,164.0
12071040207,M1,76,14592000.0,139.3,0.935,0.7825,0.5611,0.3143,0.065,0.1525,0.2214,0.2468,0.3143,0.4629,6754636.8,5.0,12.0,17.0,19.0,24.0
12071040207,C1,38,10640000.0,139.3,0.8563,0.665,0.4163,0.1876,0.1437,0.1913,0.2487,0.2287,0.1876,0.3306,3517584.0,5.0,7.0,9.0,9.0,7.0
12071040207,S1,23,7843000.0,139.3,0.8563,0.665,0.4163,0.1876,0.1437,0.1913,0.2487,0.2287,0.1876,0.3306,2592895.8,3.0,4.0,6.0,5.0,4.0
12071040125,W1,149,29502000.0,143.2,0.9704,0.8734,0.6932,0.4473,0.0296,0.097,0.1802,0.2459,0.4473,0.5902,17412080.4,4.0,14.0,27.0,37.0,67.0
12071040125,MH,86,4257000.0,143.2,0.9916,0.9632,0.8772,0.7452,0.0084,0.0284,0.086,0.132,0.7452,0.8204,3492442.8000000003,1.0,2.0,7.0,11.0,64.0
12071040125,M1,29,5568000.0,143.2,0.9444,0.805,0.592,0.3428,0.0556,0.1395,0.213,0.2492,0.3428,0.4915,2736672.0,2.0,4.0,6.0,7.0,10.0
12071040125,C1,14,3920000.0,143.2,0.8734,0.6932,0.4473,0.2096,0.1266,0.1802,0.2459,0.2377,0.2096,0.3566,1397872.0,2.0,3.0,3.0,3.0,3.0
12071040125,S1,9,3069000.0,143.2,0.8734,0.6932,0.4473,0.2096,0.1266,0.1802,0.2459,0.2377,0.2096,0.3566,1094405.4,1.0,2.0,2.0,2.0,2.0
12071040121,W1,189,37422000.0,144.8,0.9724,0.8799,0.7043,0.4599,0.0276,0.0926,0.1756,0.2444,0.4599,0.6015,22509333.0,5.0,18.0,33.0,46.0,87.0
12071040121,MH,109,5395500.0,144.8,0.9922,0.9654,0.8828,0.754,0.0078,0.0268,0.0827,0.1287,0.754,0.8272,4463157.600000001,1.0,3.0,9.0,14.0,82.0
12071040121,M1,36,6912000.0,144.8,0.9479,0.8136,0.6043,0.3545,0.0521,0.1343,0.2093,0.2497,0.3545,0.503,3476736.0,2.0,5.0,8.0,9.0,13.0
12071040121,C1,18,5040000.0,144.8,0.8799,0.7043,0.4599,0.2188,0.1201,0.1756,0.2444,0.241,0.2188,0.3673,1851192.0,2.0,3.0,4.0,4.0,4.0
12071040121,S1,11,3751000.0,144.8,0.8799,0.7043,0.4599,0.2188,0.1201,0.1756,0.2444,0.241,0.2188,0.3673,1377742.3,1.0,2.0,3.0,3.0,2.0
12071040122,W1,188,37224000.0,142.7,0.9697,0.8713,0.6897,0.4433,0.0303,0.0984,0.1816,0.2464,0.4433,0.5866,21835598.400000002,6.0,18.0,34.0,46.0,83.0
12071040122,MH,108,5346000.0,142.7,0.9914,0.9625,0.8754,0.7424,0.0086,0.0289,0.0871,0.133,0.7424,0.8182,4374097.2,1.0,3.0,9.0,14.0,80.0
12071040122,M1,36,6912000.0,142.7,0.9433,0.8022,0.5881,0.3391,0.0567,0.1411,0.2141,0.249,0.3391,0.4878,3371673.6,2.0,5.0,8.0,9.0,12.0
12071040122,C1,18,5040000.0,142.7,0.8713,0.6897,0.4433,0.2067,0.1287,0.1816,0.2464,0.2366,0.2067,0.3533,1780632.0,2.0,3.0,4.0,4.0,4.0
12071040122,S1,11,3751000.0,142.7,0.8713,0.6897,0.4433,0.2067,0.1287,0.1816,0.2464,0.2366,0.2067,0.3533,1325228.3,1.0,2.0,3.0,3.0,2.0
12071050206,W1,72,14256000.0,144.6,0.9722,0.8791,0.7029,0.4583,0.0278,0.0931,0.1762,0.2446,0.4583,0.6001,8555025.6,2.0,7.0,13.0,18.0,33.0
12071050206,MH,42,2079000.0,144.6,0.9922,0.9651,0.8821,0.7529,0.0078,0.027,0.0831,0.1291,0.7529,0.8263,1717877.7000000002,0.0,1.0,3.0,5.0,32.0
12071050206,M1,14,2688000.0,144.6,0.9475,0.8125,0.6028,0.3531,0.0525,0.1349,0.2098,0.2497,0.3531,0.5016,1348300.8,1.0,2.0,3.0,3.0,5.0
12071050206,C1,7,1960000.0,144.6,0.8791,0.7029,0.4583,0.2177,0.1209,0.1762,0.2446,0.2406,0.2177,0.366,717360.0,1.0,1.0,2.0,2.0,2.0
12071050206,S1,4,1364000.0,144.6,0.8791,0.7029,0.4583,0.2177,0.1209,0.1762,0.2446,0.2406,0.2177,0.366,499224.0,0.0,1.0,1.0,1.0,1.0
12071040131,W1,262,51876000.0,146.2,0.9741,0.8853,0.7137,0.4708,0.0259,0.0889,0.1716,0.2429,0.4708,0.6112,31706611.2,7.0,23.0,45.0,64.0,123.0
12071040131,MH,151,7474500.0,146.2,0.9927,0.9672,0.8874,0.7615,0.0073,0.0255,0.0798,0.1259,0.7615,0.833,6226258.5,1.0,4.0,12.0,19.0,115.0
12071040131,M1,50,9600000.0,146.2,0.9507,0.8209,0.6148,0.3648,0.0493,0.1299,0.206,0.25,0.3648,0.513,4924800.0,2.0,6.0,10.0,12.0,18.0
12071040131,C1,25,7000000.0,146.2,0.8853,0.7137,0.4708,0.227,0.1147,0.1716,0.2429,0.2438,0.227,0.3766,2636200.0,3.0,4.0,6.0,6.0,6.0
12071040131,S1,15,5115000.0,146.2,0.8853,0.7137,0.4708,0.227,0.1147,0.1716,0.2429,0.2438,0.227,0.3766,1926309.0,2.0,3.0,4.0,4.0,3.0
12071040134,W1,67,13266000.0,149.6,0.9778,0.8975,0.7356,0.497,0.0222,0.0803,0.1619,0.2387,0.497,0.6341,8411970.6,1.0,5.0,11.0,16.0,33.0
12071040134,MH,39,1930500.0,149.6,0.9938,0.9712,0.898,0.779,0.0062,0.0226,0.0732,0.1191,0.779,0.8463,1633782.1500000001,0.0,1.0,3.0,5.0,30.0
12071040134,M1,13,2496000.0,149.6,0.9571,0.8375,0.6397,0.3898,0.0429,0.1196,0.1978,0.2499,0.3898,0.5369,1340102.4000000001,1.0,2.0,3.0,3.0,5.0
12071040134,C1,6,1680000.0,149.6,0.8975,0.7356,0.497,0.2473,0.1025,0.1619,0.2387,0.2497,0.2473,0.3992,670656.0,1.0,1.0,1.0,1.0,1.0
12071040134,S1,4,1364000.0,149.6,0.8975,0.7356,0.497,0.2473,0.1025,0.1619,0.2387,0.2497,0.2473,0.3992,544508.8,0.0,1.0,1.0,1.0,1.0
12071040313,W1,169,33462000.0,136.7,0.9602,0.8437,0.6452,0.3954,0.0398,0.1165,0.1986,0.2498,0.3954,0.5425,18153135.0,7.0,20.0,34.0,42.0,67.0
12071040313,MH,98,4851000.0,136.7,0.9886,0.9529,0.852,0.7065,0.0114,0.0357,0.1009,0.1454,0.7065,0.7901,3832775.1,1.0,3.0,10.0,14.0,69.0
12071040313,M1,32,6144000.0,136.7,0.9279,0.7663,0.5398,0.2954,0.0721,0.1616,0.2265,0.2444,0.2954,0.4435,2724864.0,2.0,5.0,7.0,8.0,9.0
12071040313,C1,16,4480000.0,136.7,0.8437,0.6452,0.3954,0.1734,0.1563,0.1986,0.2498,0.222,0.1734,0.3134,1404032.0,3.0,3.0,4.0,4.0,3.0
12071040313,S1,10,3410000.0,136.7,0.8437,0.6452,0.3954,0.1734,0.1563,0.1986,0.2498,0.222,0.1734,0.3134,1068694.0,2.0,2.0,2.0,2.0,2.0
12071010601,W1,146,28908000.0,148.6,0.9768,0.894,0.7293,0.4893,0.0232,0.0828,0.1647,0.24,0.4893,0.6274,18136879.2,3.0,12.0,24.0,35.0,71.0
12071010601,MH,84,4158000.0,148.6,0.9935,0.9701,0.895,0.774,0.0065,0.0234,0.0751,0.1211,0.774,0.8425,3503115.0,1.0,2.0,6.0,10.0,65.0
12071010601,M1,28,5376000.0,148.6,0.9553,0.8328,0.6325,0.3824,0.0447,0.1225,0.2003,0.2501,0.3824,0.5299,2848742.4000000004,1.0,3.0,6.0,7.0,11.0
12071010601,C1,14,3920000.0,148.6,0.894,0.7293,0.4893,0.2413,0.106,0.1647,0.24,0.248,0.2413,0.3926,1538992.0,1.0,2.0,3.0,3.0,3.0
12071010601,S1,8,2728000.0,148.6,0.894,0.7293,0.4893,0.2413,0.106,0.1647,0.24,0.248,0.2413,0.3926,1071012.8,1.0,1.0,2.0,2.0,2.0
